cosmology_parameters_cosmology_name,detector_parameters_background_noise,detector_parameters_ccd_gain,detector_parameters_exposure_time,detector_parameters_magnitude_zero_point,detector_parameters_num_exposures,detector_parameters_pixel_scale,detector_parameters_read_noise,detector_parameters_sky_brightness,lens_light_parameters_R_sersic,lens_light_parameters_center_x,lens_light_parameters_center_y,lens_light_parameters_e1,lens_light_parameters_e2,lens_light_parameters_mag_app,lens_light_parameters_n_sersic,lens_light_parameters_output_ab_zeropoint,lens_light_parameters_z_source,main_deflector_parameters_center_x,main_deflector_parameters_center_y,main_deflector_parameters_dec_0,main_deflector_parameters_e1,main_deflector_parameters_e2,main_deflector_parameters_gamma,main_deflector_parameters_gamma1,main_deflector_parameters_gamma2,main_deflector_parameters_ra_0,main_deflector_parameters_theta_E,main_deflector_parameters_z_lens,point_source_parameters_compute_time_delays,point_source_parameters_lens_ps_offset,point_source_parameters_mag_app,point_source_parameters_mag_pert_0,point_source_parameters_mag_pert_1,point_source_parameters_mag_pert_2,point_source_parameters_mag_pert_3,point_source_parameters_magnification_0,point_source_parameters_magnification_1,point_source_parameters_magnification_2,point_source_parameters_magnification_3,point_source_parameters_num_images,point_source_parameters_output_ab_zeropoint,point_source_parameters_x_image_0,point_source_parameters_x_image_1,point_source_parameters_x_image_2,point_source_parameters_x_image_3,point_source_parameters_x_point_source,point_source_parameters_y_image_0,point_source_parameters_y_image_1,point_source_parameters_y_image_2,point_source_parameters_y_image_3,point_source_parameters_y_point_source,point_source_parameters_z_point_source,psf_parameters_fwhm,psf_parameters_psf_type,seed,source_parameters_R_sersic,source_parameters_center_x,source_parameters_center_y,source_parameters_e1,source_parameters_e2,source_parameters_mag_app,source_parameters_n_sersic,source_parameters_output_ab_zeropoint,source_parameters_z_source
planck18,,2.3,15.0,27.79,460,0.2,10,20.48,1.7464283491856474,0.04224515110934143,0.06852766735620058,-0.10908717303220171,0.20111329373271195,50.491211208668794,3.6763398295875316,27.79,0.2873781035889843,0.03210771989862427,0.07471637356721646,0.0,-0.37835273234791805,-0.0007133066015955262,2.0023296182278645,0.31605742663765374,-0.13592750585306385,0.0,0.8446699444501091,0.2873781035889843,0,0.2234293543520371,24.389952441586082,1.4292152695038665,0.9688104927612761,1.0676815402091169,1.014440877125799,2.224856715806994,1.777293867717916,-0.7187707992446325,-0.32187135049681365,4,27.79,-1.5608365588252633,1.139352141014743,0.10246288676991569,0.12110212800886855,-0.1411819060486074,0.1238464095447554,-0.3120918118406368,-0.5889351971853525,0.44591229348791567,-0.06632043696548343,2.027441719237907,0.9,GAUSSIAN,"(1160695387,)",0.1723069465307694,-0.1411819060486074,-0.06632043696548343,-0.0010150595625537213,-0.06073963721199613,24.849499292808993,2.397048299786909,27.79,2.027441719237907
planck18,,2.3,15.0,27.79,460,0.2,10,20.48,1.4481042000450945,0.060072931651735204,-0.10599436070126105,-0.507087298547011,-0.1557590109639623,48.706742199145594,0.6560163265882446,27.79,0.4220099262571319,0.05681531761817162,-0.10801511996334393,0.0,0.07210757260328356,-0.011835557195523438,2.1667942446429924,0.06755419033195448,-0.20262459830835766,0.0,0.7124872784096055,0.4220099262571319,0,0.1416446756452888,23.120867350949347,0.9020103400941305,0.7891593106474136,0.9249498049479006,,2.6721859252723257,-3.6138002886777114,-0.9162560832753027,,3,27.79,0.9286866877444687,0.41521274635722455,-0.30849455434821604,,0.15141369530331972,-0.3732996774886131,0.5127193930856987,-0.4498761330969512,,-0.002590449804992734,2.015024249562736,0.9,GAUSSIAN,"(1160695387, 1)",0.19423018001469683,0.15141369530331972,-0.002590449804992734,-0.13459645252545985,0.18328709071451654,25.49085113360724,5.510199948244432,27.79,2.015024249562736
planck18,,2.3,15.0,27.79,460,0.2,10,20.48,0.6597124244900618,0.00520537988081891,-0.02274014178763923,-0.0333682016015373,0.1814270424645707,48.85404859208829,3.469901710113226,27.79,0.5393643834910742,0.0024301024394668734,-0.025003739364252656,0.0,0.13410540729993478,-0.05419168897454968,1.9471912398603184,-0.06170195064785441,0.01865203059243171,0.0,1.258450852586267,0.5393643834910742,0,0.27608772277752847,22.06081328197603,0.7751203714471503,1.4185887678450673,,,2.349276659147744,-2.2928888785531103,,,2,27.79,-0.253905841521047,0.7777407241599537,,,-0.16956590711429176,1.6016142276203384,-0.43507722590408227,,,0.1909633955569311,1.9157872849987752,0.9,GAUSSIAN,"(1160695387, 2)",0.884736893839368,-0.16956590711429176,0.1909633955569311,-0.2537697753187215,0.1861039511497192,24.598284694136737,1.114118629737582,27.79,1.9157872849987752
planck18,,2.3,15.0,27.79,460,0.2,10,20.48,1.2495655318870804,-0.010559039523601734,-0.03891571066639737,-0.01947565735638537,0.2148976380393719,49.19599291710367,1.9944302498137456,27.79,0.5786361897182678,-0.01228994431336345,-0.04028418508062273,0.0,0.025458834740811568,0.017734287598724415,1.766981517055877,-0.165016858394489,-0.06562105923580408,0.0,0.7159813527862503,0.5786361897182678,0,0.08151657817196636,25.6795025329931,0.8476761581835595,1.1064372509379956,1.170386353914703,1.5657601317870147,2.8590323442968324,5.928272414221211,-3.7486021537597085,-4.424651008614712,4,27.79,-0.2480185711088909,0.11250540707120016,-0.5119329454211392,0.5361640138743202,-0.0437505200954274,0.9883532163469051,-0.8534875673133746,-0.33715787083852894,-0.09820127820088546,0.03491677693667672,2.6257222509502465,0.9,GAUSSIAN,"(1160695387, 3)",0.06367390954929203,-0.0437505200954274,0.03491677693667672,0.020131801510182682,-0.25291370833185856,25.931055652338177,0.5869574443317274,27.79,2.6257222509502465
planck18,,2.3,15.0,27.79,460,0.2,10,20.48,1.5191284238823939,0.03568925897070862,-0.06676729400193221,0.2761629732149283,-0.09640016504884343,50.830363222051325,1.592238879174399,27.79,0.22630709291992834,0.03125561660637932,-0.05893328347697331,0.0,-0.012378300546241014,0.17538703042726322,2.0367457186778424,0.11749781973219973,0.049100750577640885,0.0,0.43429511301499435,0.22630709291992834,0,0.19298716666174176,22.11995939127033,1.0700320392293905,,,,-3.2280038510617386,,,,1,27.79,0.3095967386368049,,,,-0.1570841785368424,-0.10112545198897721,,,,-0.016836156953466214,1.2486034372373704,0.9,GAUSSIAN,"(1160695387, 4)",0.04335107395905585,-0.1570841785368424,-0.016836156953466214,-0.23672330371979364,0.24925930122550938,24.538919835696174,2.4758882343064594,27.79,1.2486034372373704
planck18,,2.3,15.0,27.79,460,0.2,10,20.48,1.7033714874891306,0.05768725121793274,-0.003054079200274306,-0.4067625178950258,0.17257695337334142,47.33202056813459,4.525306954280018,27.79,0.29290630990973465,0.04661329072171215,-0.008673294624853164,0.0,-0.500426955510759,0.21129220585068775,1.9256645121408105,-0.006541667211234436,-0.039559918337519456,0.0,1.0117919868975096,0.29290630990973465,0,0.20344196571118148,24.49048828392104,0.8154031924669547,0.953748224331824,1.023625150489212,1.2965804722541976,1.6497478843874784,2.0992180528464575,-1.0234753981250337,-0.5158203033254075,4,27.79,-0.9682007080748416,1.164753226685264,0.269601244885803,-0.046536939847352146,0.07158882338666978,0.6505187483200136,0.07559110256007572,0.8556086995823217,-0.4634659706855971,0.19322979148462455,2.1623137662465997,0.9,GAUSSIAN,"(1160695387, 5)",0.9571628406197517,0.07158882338666978,0.19322979148462455,-0.15424943217698,-0.19692418716680232,25.259899062348758,2.4962375105214276,27.79,2.1623137662465997
planck18,,2.3,15.0,27.79,460,0.2,10,20.48,1.9772734258965508,-0.006005452431736892,0.013086504497298689,0.3050514727200403,0.26353652756608836,49.736724415197116,2.7431466300782756,27.79,0.7144370472601057,-0.0034997229196667167,0.01561316536753789,0.0,0.009289229902665265,-0.13938332337181492,2.1919770393111735,0.11594205381578379,-0.02944377920374779,0.0,0.7538642910431342,0.7144370472601057,0,0.14178528959376532,24.84039868423075,1.1374350904828003,1.0349406075090628,,,3.2080315400928345,-2.248400032575215,,,2,27.79,0.8262459380305618,-0.12682289761164361,,,0.0866405005669349,0.39947960163413915,-0.5726529851200329,,,0.12505633991475856,1.328319911887224,0.9,GAUSSIAN,"(1160695387, 6)",1.049332438245386,0.0866405005669349,0.12505633991475856,0.3033262860726342,-0.047194337436027675,26.986803179463166,1.2655725923944612,27.79,1.328319911887224
planck18,,2.3,15.0,27.79,460,0.2,10,20.48,0.7227102323148167,0.05356167611934194,0.015322158485054489,-0.41480838981612195,-0.07852797108557959,50.09495506853005,1.4877747649124187,27.79,0.6534471233327764,0.051016258361994034,0.013892387055491002,0.0,0.24217169981556524,-0.03297294527315634,2.0437989756953003,-0.027844021277261516,0.24260307940856948,0.0,0.7722420156359497,0.6534471233327764,0,0.0785729620421482,25.543710560177267,1.5059905212457814,1.153301788105874,0.45391018696460195,1.418457698024546,2.9755198629697235,2.6510116703438342,-0.5334419718949739,-1.5206907972384756,4,27.79,-0.47839174768134657,0.5794470044514441,0.6584077985470762,-0.4417194870364114,0.04469913417923346,-0.9332244916064203,0.8027113158640132,-0.1567161580494151,0.31188255513162705,-0.06442622060665046,2.1089565990818815,0.9,GAUSSIAN,"(1160695387, 7)",0.8540044699981846,0.04469913417923346,-0.06442622060665046,-0.15718596169217114,0.10934673825678116,25.734437926645512,3.373418510415644,27.79,2.1089565990818815
planck18,,2.3,15.0,27.79,460,0.2,10,20.48,1.2459303417058718,0.06561514798947238,0.06136956082610537,-0.05069347293457594,0.3827791014033789,49.86665736375027,4.850386298440286,27.79,0.6226590080944192,0.06522551611563956,0.06292856210128882,0.0,0.0020809597633037434,-0.01030904204953369,2.0583158096426497,-0.007952233140464077,-0.06877886150327368,0.0,0.8603524291878265,0.6226590080944192,0,0.28937666125872075,24.528757854489264,1.0945962245542236,0.7850030503144062,,,3.121772204807777,-1.9797109463674825,,,2,27.79,0.6680284988332336,-0.13747703988763083,,,0.18893597004139084,-0.983475903561961,0.6448784975865607,,,-0.1986714678504086,2.5059084294214284,0.9,GAUSSIAN,"(1160695387, 8)",1.1815272051931553,0.18893597004139084,-0.1986714678504086,0.3435870406336671,0.1924199620243326,26.071822327601424,3.1233021233014004,27.79,2.5059084294214284
planck18,,2.3,15.0,27.79,460,0.2,10,20.48,0.017614423629194964,-0.019678503357568395,-0.06828125228851373,-0.06621469578257014,-0.07254513494648102,48.76050337750745,3.9313076491846406,27.79,0.7384561235765975,-0.029636478699114677,-0.07422562029610699,0.0,-0.2898524496140776,-0.36281381767360255,2.0405441864603358,-0.09605754589195808,-0.13532905280095497,0.0,1.1405452091540838,0.7384561235765975,0,0.09164064213073715,24.083122515271906,1.1362930541129381,1.162084682585378,1.3145738397940983,0.9816453674690215,4.603533053639429,6.25111360433815,-3.925463511052435,-1.4273181028598299,4,27.79,1.110242008328264,-0.6329825723502662,0.3881390368290469,-0.4740817999221667,0.02807989837689276,-0.11630094755171742,-0.9737241771730843,-1.1851455776831443,0.7847620944612254,-0.1454072689659289,2.33538758042301,0.9,GAUSSIAN,"(1160695387, 9)",0.2980335442695513,0.02807989837689276,-0.1454072689659289,-0.11769555995777198,0.06655591242409775,26.50402090839752,5.414094183807855,27.79,2.33538758042301
planck18,,2.3,15.0,27.79,460,0.2,10,20.48,1.5400282405680359,-0.002311028604917454,-0.012654863862339515,-0.16664466952031678,-0.3460735955159802,50.904075592328184,1.820704678834681,27.79,0.23012309044398682,-0.0021561717267513667,-0.009937069967209498,0.0,0.17273367743970292,0.36359857182688593,2.0894057429105484,0.09219607779568822,0.2426284460580718,0.0,0.8214394846481916,0.23012309044398682,0,0.09403424852348538,26.56747087926623,0.9714588124154117,1.1433055752836512,,,15.983264527605801,-6.695975442525135,,,2,27.79,0.6828645176960292,-0.5562266534379351,,,0.06977979938474627,-0.41969596456670727,0.33779468021767195,,,-0.07049824528293791,1.3579680823195799,0.9,GAUSSIAN,"(1160695387, 10)",0.18411587462652135,0.06977979938474627,-0.07049824528293791,0.04530420486845195,0.04653936689125933,25.132708900337004,1.1754000459417726,27.79,1.3579680823195799
planck18,,2.3,15.0,27.79,460,0.2,10,20.48,0.912279045420575,-0.09181093607612158,-0.07259456438188652,-0.00416108998003267,-0.3151704837760946,48.95302320726992,2.1311137327903955,27.79,0.6429736344923705,-0.10025249316202782,-0.07332103031794984,0.0,-0.26570736975237225,-0.07134052336857907,1.8556134744255923,0.1756006256045055,-0.12570119975456187,0.0,0.7321348101126383,0.6429736344923705,0,0.21455560929231265,22.818720738874582,0.8977412640783471,1.2168416407443114,0.9266176698062876,1.198749885090707,1.7223471916334991,4.323700248981131,-1.4315744583850571,-1.6544207198635623,4,27.79,1.2188771848010085,-0.8284995168869055,-0.34347817195472796,-0.2877206534934839,0.11074584193468817,-0.270591715110733,0.03191929501293848,-0.48113094699635245,0.3919277897057427,-0.1122287681757265,2.552722591293394,0.9,GAUSSIAN,"(1160695387, 11)",1.6150208413930953,0.11074584193468817,-0.1122287681757265,-0.317007941751396,0.07495835447684251,25.73966647699595,2.4898622439071776,27.79,2.552722591293394
planck18,,2.3,15.0,27.79,460,0.2,10,20.48,0.4352815306595127,-0.15673510096070403,0.012559066878481923,0.12535190965006518,0.07318155372594239,49.02111186064175,0.5725639894650705,27.79,0.8600119611352903,-0.15509310630923026,0.021500080064130823,0.0,-0.051839668267866755,-0.22380714860568082,2.0868061851175392,0.20879186533201224,0.1898020807838313,0.0,0.839826568593167,0.8600119611352903,0,0.11173418492161635,22.652247110390253,1.0231540955482596,1.2005355431960885,1.2008899826395998,1.2756462076095028,1.7149014903240534,2.401207489445218,-1.1942210980937937,-0.7684523629207369,4,27.79,-1.267266733669976,0.8696872651838157,0.2945109401344486,-0.34246849612925556,-0.1676154034132673,-0.6550608420339853,0.3165899164460023,-0.5259959467282178,0.528249477899281,-0.08953018677935734,1.9666604264025902,0.9,GAUSSIAN,"(1160695387, 12)",0.8855364006204565,-0.1676154034132673,-0.08953018677935734,-0.17586325907396128,-0.2124525462582176,26.05662688909829,4.933470716021753,27.79,1.9666604264025902
planck18,,2.3,15.0,27.79,460,0.2,10,20.48,0.6382064250332424,-0.005601345191104905,-0.13801262962321198,-0.28247043620801093,0.0017380728131681,50.44507094164255,2.046727922149707,27.79,0.535816620169528,-0.0010431259382247902,-0.14016785968110368,0.0,0.10015709731052944,-0.0567992141180595,1.8649840328524727,0.16485994623189723,0.14949189876859398,0.0,0.9457168132806982,0.535816620169528,0,0.15017065567276616,23.726688668608517,1.1809113016598058,1.355554414742998,0.643190427049273,0.7867125235411929,3.4556277281190835,7.875112415212091,-3.0110089236353614,-1.3539746639913874,4,27.79,1.0721012365630749,-1.0811238345685859,-0.7938991343980394,0.19069102952750075,0.05363762798365734,0.7355830515621768,-0.3359980183036621,0.3075265117494597,-0.7366242186444291,-0.00030635326949995934,1.8616769888498412,0.9,GAUSSIAN,"(1160695387, 13)",2.2197821494667047,0.05363762798365734,-0.00030635326949995934,-0.03663260613175441,0.4944148820222507,26.71584480185823,0.9646090767197699,27.79,1.8616769888498412
planck18,,2.3,15.0,27.79,460,0.2,10,20.48,1.2889929138863485,-0.08005119900294363,-0.005874838106905376,0.23794769874212635,0.2559863021582699,50.74567788586082,8.679286594801075,27.79,0.46854783087530544,-0.07959510241074126,4.3158405347637e-05,0.0,0.5839649273512068,-0.1769185492626384,1.9289167521052308,-0.2660030836955837,0.09032540612371139,0.0,0.5127701334516834,0.46854783087530544,0,0.09796942745403339,26.322129965855737,1.2206041219075576,0.9535352260349811,0.4026915708874218,,1.8217698629679928,1.5615440517801076,-0.0901950658688873,,3,27.79,0.011944473512822707,-0.24091365204918738,0.11903690189938682,,-0.13894568411411293,0.8904703785523627,-0.6855588986772483,-0.046276037876525344,,0.07798876230410845,1.8352592768001803,0.9,GAUSSIAN,"(1160695387, 14)",1.129569482747514,-0.13894568411411293,0.07798876230410845,-0.2243053873313543,-0.1413881442830515,25.24457021217545,1.8354514784638558,27.79,1.8352592768001803
planck18,,2.3,15.0,27.79,460,0.2,10,20.48,1.817559945128272,-0.008476192237608296,0.03529847335138901,0.09844372258817757,-0.3404447755032937,51.28619107229279,2.3681577275334087,27.79,0.39149871486483123,-0.0112092819844506,0.03740405258945635,0.0,0.17444702024136313,0.506116005354053,1.8803180350620896,0.1790072652187187,0.161353673512092,0.0,0.6751946119152127,0.39149871486483123,0,0.18113409215437598,24.833928502772032,0.6858844197272502,0.6972325577707903,,,1.6738355129048201,-0.5736453791499309,,,2,27.79,-0.9313945454384622,0.2894928749563643,,,-0.19197027912543785,0.19658271995772578,0.2237400110392982,,,0.025784187995324087,1.7965155346849255,0.9,GAUSSIAN,"(1160695387, 15)",0.9034429730915639,-0.19197027912543785,0.025784187995324087,-0.2730293531417755,-0.14664554994169915,27.064316881827718,3.5318062932488847,27.79,1.7965155346849255
planck18,,2.3,15.0,27.79,460,0.2,10,20.48,0.03897478168305746,-0.0677156680244566,-0.08651167662487713,0.10393152563968831,0.011232241516912265,51.39790811075082,1.5852227357576043,27.79,0.3835273293471638,-0.0690438663112009,-0.08053560093728009,0.0,-0.3995914215668592,0.08363659763758978,2.3739867822423495,-0.27894303260232206,0.020530961095560442,0.0,0.7558167908225706,0.3835273293471638,0,0.08652272132824904,24.10619349466004,0.8481693933756043,1.6023630202605084,,,3.3221574036803667,-10.90376808412214,,,2,27.79,-0.11068004112199543,0.3693024928557034,,,-0.11752822526620221,-1.0655549651971254,0.45758659831847676,,,-0.152197642791866,2.202956732546591,0.9,GAUSSIAN,"(1160695387, 16)",0.21344240338031512,-0.11752822526620221,-0.152197642791866,0.32397136297963663,-0.27775100949842285,26.307364298498275,5.2269544283525775,27.79,2.202956732546591
planck18,,2.3,15.0,27.79,460,0.2,10,20.48,0.5500782574834027,-0.06787963718698731,0.08719164642729768,-0.3402718351425235,-0.1421184775294116,50.646926184335406,1.2466487266998556,27.79,0.5111380930101903,-0.06300557872314516,0.08679823763404848,0.0,0.14560401216324795,-0.12778841214235137,2.17643100810469,-0.14483831051829307,0.01265549377801686,0.0,0.9128745598743178,0.5111380930101903,0,0.2233935882706012,27.266239473986722,0.6377529491030502,0.9505503540516729,1.1286929179290122,,1.1669936014571394,-11.147507840504526,-1.1680296856182526,,3,27.79,-0.05784046805253998,0.6491104871110611,-0.6465434441445084,,0.0037639827988044383,-1.1815041787332299,0.5413143101522466,0.44633003848673525,,-0.1263836587234553,1.7840622806035527,0.9,GAUSSIAN,"(1160695387, 17)",0.4104241785862298,0.0037639827988044383,-0.1263836587234553,0.04917045955431327,-0.07501983347299203,26.705538580559327,6.373266577417104,27.79,1.7840622806035527
planck18,,2.3,15.0,27.79,460,0.2,10,20.48,1.5211292953753588,0.10561619392757861,0.10689841854450136,-0.49685113703397854,-0.17525374166125102,49.618004349275736,2.54456709710854,27.79,0.2277589372753856,0.10594134897020453,0.1008008642746437,0.0,0.3270495161858271,0.09861539759367698,1.6840823169990486,0.125776478361267,-0.2537824414347997,0.0,0.6195461757914991,0.2277589372753856,0,0.24717910603167823,25.771913965447954,1.2764293570973835,,,,3.1938848658004786,,,,1,27.79,0.6793654751914201,,,,0.047325377281600606,-0.9973824285918852,,,,-0.13932759784848822,2.570174525267727,0.9,GAUSSIAN,"(1160695387, 18)",1.5434648832075766,0.047325377281600606,-0.13932759784848822,-0.24260134706418257,-0.16186360343967893,25.881982727366868,1.901250140377076,27.79,2.570174525267727
planck18,,2.3,15.0,27.79,460,0.2,10,20.48,1.0168609163747808,0.047040622603266524,-0.11554663489691316,0.11325989257303945,0.030741649475257673,48.04682396197726,2.7657846614023778,27.79,0.17579871556038296,0.04872412593836991,-0.12359941677724334,0.0,0.25488928761951657,0.41143418866307435,2.1030930296036603,-0.3888708793547141,0.11881841536481429,0.0,0.7466304269107786,0.17579871556038296,0,0.053871288530612224,23.034964161071574,0.9839469208876915,1.6079862941342395,1.4590238123005985,1.0963682805494857,1.5264493225373583,2.510430576492243,-0.7052851948146142,-0.47308654955831925,4,27.79,0.007926785648364527,0.025774689621217012,-0.4503721427192597,0.5092512545796372,0.049636516816645576,1.0588264108415941,-1.2844206897318315,-0.2678745292045549,-0.00716703435742371,-0.06973585515313876,1.600011800403346,0.9,GAUSSIAN,"(1160695387, 19)",0.02987837551592376,0.049636516816645576,-0.06973585515313876,0.06420446189886514,-0.15044813759960207,26.315753189952403,1.78950061267402,27.79,1.600011800403346
planck18,,2.3,15.0,27.79,460,0.2,10,20.48,1.7421790475560885,0.09796022038849708,-0.04655435202757493,-0.22687513283186583,0.21015289604898474,47.60278472405667,5.158789686354394,27.79,0.42741498762209695,0.09024625226913238,-0.042023811062217815,0.0,-0.2575062825500902,-0.030299462215923834,1.6754848205732595,-0.10362320998584608,-0.060112111940261385,0.0,0.716603006910229,0.42741498762209695,0,0.09329975231539943,24.506404220591943,0.48241831059347695,1.2584194594889122,1.2965612197861374,,4.0931487074070665,-34.32862587665549,-3.8696747186422367,,3,27.79,0.6611109084325807,-0.17676865926406346,0.1178029019937305,,0.09149938266807028,-0.6902247906037737,-0.7869041566969059,0.43152574945914507,,-0.13531514745696638,2.203454351891826,0.9,GAUSSIAN,"(1160695387, 20)",0.3405014438385233,0.09149938266807028,-0.13531514745696638,-0.1291593015199934,0.09413475214751917,26.52468127222624,4.577853914946426,27.79,2.203454351891826
planck18,,2.3,15.0,27.79,460,0.2,10,20.48,1.5332387234325178,0.04032107246346578,-0.046484861662682314,-0.01593337405928912,-0.24185329259571922,47.268623836857714,1.9307834959913859,27.79,0.5111860714334784,0.04547482431873275,-0.050681501203969,0.0,-0.40553484843447424,0.22101862980694828,2.2269548277159057,0.2503642294355539,-0.03636292260314741,0.0,0.922612018092947,0.5111860714334784,0,0.10929235706801275,24.310588543102696,1.29770889980907,0.8872145757195788,1.2181822839221113,1.2708865323198413,1.7820365730493957,1.3083012658324489,-0.632721910013431,-0.4038183073662019,4,27.79,1.3171018492938478,-1.0436925866883235,0.1458777889095298,-0.09859762608250149,0.10610798824617851,-0.08079378267829923,0.2519734098902746,0.6833686034778255,-0.6279848063370891,0.04024945472210431,1.5562294439410256,0.9,GAUSSIAN,"(1160695387, 21)",0.579210979177724,0.10610798824617851,0.04024945472210431,0.20645308668986231,-0.06265576527508966,26.320755680871297,1.2468961552126703,27.79,1.5562294439410256
planck18,,2.3,15.0,27.79,460,0.2,10,20.48,0.44336114083255973,0.08590355646443078,0.09966249047666073,-0.23300356211312562,-0.31899703454569717,48.89328801054959,3.825062167201225,27.79,0.3833389495119471,0.08869329578215743,0.09632650856159523,0.0,-0.05244067745969245,0.16676984472752612,2.3175268908512625,-0.027321490464134245,0.1279005455377023,0.0,0.5957469679263899,0.3833389495119471,0,0.2934674479904424,24.09177460893407,1.305397632809008,1.3807385100434817,,,2.7451227761707773,-1.4396895891278365,,,2,27.79,-0.5610482312925891,0.3953549015678709,,,-0.13044947068512452,-0.5179683541488135,0.38105869557191335,,,-0.09886465654351224,0.8793281061265736,0.9,GAUSSIAN,"(1160695387, 22)",0.4389002324342024,-0.13044947068512452,-0.09886465654351224,0.23304775195683114,-0.4201909038006201,26.535722970009736,4.264164101009445,27.79,0.8793281061265736
planck18,,2.3,15.0,27.79,460,0.2,10,20.48,1.019437472032679,0.12079707979005222,-0.008219535537787169,-0.21729286906384396,-0.24233404179354098,51.2331279331813,2.4365075514167684,27.79,0.5965633927843729,0.11864243214839036,-0.015425224158272048,0.0,-0.24758519513321497,-0.4908139888927861,2.1218195639780295,-0.019282058907240624,-0.16105996329907826,0.0,0.8111791636817297,0.5965633927843729,0,0.24378987326856297,26.649611558709974,1.400179673238798,0.7829929201983794,0.5334830023825512,,2.9049839929809633,-16.727758557195564,-6.580193291519041,,3,27.79,-0.7858355554613697,0.703791902570753,0.48663966169674916,,-0.10719869222011713,-0.336145227476031,-0.263070601444667,0.3954721116422207,,-0.10723638280617448,2.214199098774654,0.9,GAUSSIAN,"(1160695387, 23)",1.3642782880850528,-0.10719869222011713,-0.10723638280617448,0.36008945163252304,0.12414289668438393,24.76881813579652,4.874400718904851,27.79,2.214199098774654
planck18,,2.3,15.0,27.79,460,0.2,10,20.48,0.7712013465999856,-0.018188273087453084,0.02321260917617102,0.03802868728460781,-0.06196583553153041,51.84054834005587,2.0407255177949564,27.79,0.5544223222838243,-0.011598935054480073,0.022152668104951142,0.0,-0.09693265180234593,0.110426219792296,2.2435214372351124,0.10108212856898234,-0.29145185280648217,0.0,0.9091559227469195,0.5544223222838243,0,0.04065966941489271,26.174615482200704,0.6816572106543441,1.1095576273021674,1.3070542144415793,,1.1516034480822586,-0.8565692751158197,-0.9064688966591105,,3,27.79,1.0026578826951715,0.41578324579582465,-0.3480190774543163,,-0.023327367513500175,-0.6188880877183951,0.608385362720806,-0.5903719280120295,,0.06108405119086996,2.0325950221634534,0.9,GAUSSIAN,"(1160695387, 24)",0.08988834489855413,-0.023327367513500175,0.06108405119086996,-0.2308393919080599,-0.592614031679953,24.884002656793616,1.0995832772887446,27.79,2.0325950221634534
planck18,,2.3,15.0,27.79,460,0.2,10,20.48,0.3221642179958041,-0.06583184638562162,0.00278570384798226,0.017245033931107073,0.3991365837486693,49.72488914752415,3.992806127732562,27.79,0.584455748177644,-0.06346463577354464,0.0058534644355218825,0.0,0.06662198945567135,0.011970407539150501,1.8028269301232436,0.05448667629821391,-0.10459534438715813,0.0,0.7312779940194273,0.584455748177644,0,0.20168489357527525,22.87660767708472,1.091153164919785,1.1914788574290036,,,3.7141122386627616,-6.867777191768545,,,2,27.79,0.6591101885984745,-0.20781279245200251,,,0.03934157029752389,-0.8170058733998384,0.5041535962313248,,,-0.16766218410876102,1.7180560905924538,0.9,GAUSSIAN,"(1160695387, 25)",1.2878695964018019,0.03934157029752389,-0.16766218410876102,0.16943074294992486,0.2990320527596991,25.61902878177757,2.2893188223690695,27.79,1.7180560905924538
planck18,,2.3,15.0,27.79,460,0.2,10,20.48,1.6822562585254448,-0.06408709943159908,-0.014970638020419525,-0.2955841165211611,0.004255738161628826,51.53944828632414,0.6499831764832846,27.79,0.37174759203529495,-0.06078734333828285,-0.01243660277225366,0.0,-0.09407124902157771,-0.36248645021066356,1.787809290609004,0.02633294518005375,0.1555294916240912,0.0,1.1003243741089952,0.37174759203529495,0,0.11959644792731247,22.48570694899597,0.8132355243778474,1.149393850199047,1.273459690486729,0.6515425811563973,1.7735846504582238,2.697206347324296,-1.258940845105599,-0.4414869291632846,4,27.79,-1.4479319174078835,1.0130837142660223,-0.5149764238976973,0.30369920062196243,-0.16243270507585306,-0.9301851308672493,1.0653278348924793,0.6342399973875731,-0.42832976866420974,0.05058347969412258,1.9689000792273341,0.9,GAUSSIAN,"(1160695387, 26)",0.6489347699502556,-0.16243270507585306,0.05058347969412258,-0.2505059506421915,0.12168606794623628,25.089452380101694,4.231829289493538,27.79,1.9689000792273341
planck18,,2.3,15.0,27.79,460,0.2,10,20.48,2.598070639445485,0.04240872506210474,-0.046896246740586164,0.16821569336019024,0.2889025306828125,50.03301186607601,2.7921548500597715,27.79,0.6078883094960548,0.03757671762804856,-0.04421797836385604,0.0,0.005481690188733299,0.36104327965940547,1.886218549382281,0.0342498900815023,0.016170531541157097,0.0,0.8135717806997159,0.6078883094960548,0,0.1985837451793069,23.945676110480303,1.305055109540183,1.1273746958406714,1.5176977631681625,,3.2805338655332217,22.74516280976806,-1.6124064080972265,,3,27.79,-0.5330302476848415,0.8358545901520119,-0.19434650013630872,,0.026626162412952015,0.8466589975135056,0.056104850390223504,-0.45732952577361724,,0.15406361228419435,2.082573140270303,0.9,GAUSSIAN,"(1160695387, 27)",1.0671726156754147,0.026626162412952015,0.15406361228419435,0.1171740983538925,0.13721670220881993,24.357027220786097,3.810202047206184,27.79,2.082573140270303
planck18,,2.3,15.0,27.79,460,0.2,10,20.48,0.5672058915085225,-0.03239617893693657,0.0848319645509347,0.04306860821588714,0.24018665261346464,48.59087154043579,0.5749903579333613,27.79,0.1526086462104324,-0.02832769394737127,0.08703406723504516,0.0,-0.36527862611785206,0.024361615907894162,1.8349383322353217,0.046599633073311136,-0.023756241892173065,0.0,0.9063590217472197,0.1526086462104324,0,0.13740436563888894,26.007212836063147,0.7559839668207401,1.206290416764683,1.141567012418544,,1.704231034855158,-1.6564237243980446,-1.5040856213739702,,3,27.79,1.2296114924719814,-0.20527319651147777,-0.13218783575408685,,0.10887165550902134,-0.014244203913742757,-0.5357891270471568,0.7228096857365178,,0.07953085423206169,1.705070980380186,0.9,GAUSSIAN,"(1160695387, 28)",1.3076579028609716,0.10887165550902134,0.07953085423206169,0.004353435722640977,0.08849885615799426,25.778434170997848,2.824340098243923,27.79,1.705070980380186
planck18,,2.3,15.0,27.79,460,0.2,10,20.48,1.074557161189613,0.03420251756471082,-0.09626756462927952,0.06412762563997798,-0.45957022867517117,52.13461913671954,2.8081231525604644,27.79,0.6975992162581927,0.04398550823197786,-0.09748879490610625,0.0,0.4054699882405126,0.10793290177201348,2.1965456247456334,-0.042835916015188505,0.034317653960657064,0.0,0.7490089661047046,0.6975992162581927,0,0.11501114843952157,27.788940856313936,0.7222039268220257,0.8010292189216911,1.2070142020807422,1.3553822943282658,1.370124972443896,2.1598031869487673,-1.8302446681598208,-0.8686246562958843,4,27.79,-0.15222962413056465,-0.26061950349488144,-0.6653828114974957,0.5880923099213711,-0.04872153770231838,-0.956246182592347,0.5869377443715709,-0.0456716346486185,0.0005218188186876977,-0.16555470340304732,1.624271322713184,0.9,GAUSSIAN,"(1160695387, 29)",0.43967396924902724,-0.04872153770231838,-0.16555470340304732,-0.19718196327183884,0.2375135261992546,27.237335254407437,4.26256290500953,27.79,1.624271322713184
planck18,,2.3,15.0,27.79,460,0.2,10,20.48,0.7613675724896908,0.02051086189424986,-0.10710589965097887,0.09030542819331583,-0.18159543515052332,47.1477453881704,4.148127192696602,27.79,0.5967054961771068,0.02204644827841298,-0.11692600519920177,0.0,-0.11426975157467745,-0.44541705805576526,1.9758173575337912,0.19703517765968856,-0.09286131889448603,0.0,0.9750348653049896,0.5967054961771068,0,0.22825201448123833,26.07468565313925,1.1386515483152533,1.5306412868245762,1.2620815711231623,1.1440379926266304,2.4325882574084727,3.8298635089179247,-2.1435649927288294,-0.5878641741294398,4,27.79,-1.2745993886672289,0.9273611612413561,-0.4049014384680602,0.2429184400346434,-0.05615446586057035,0.033112602010281614,0.5419906332746586,0.7494249969804504,-0.5626580037048197,0.09751186259137945,2.61614489807711,0.9,GAUSSIAN,"(1160695387, 30)",0.6124089154074867,-0.05615446586057035,0.09751186259137945,-0.17627956669161218,0.31190188034998223,25.211762346854023,3.823119946843879,27.79,2.61614489807711
planck18,,2.3,15.0,27.79,460,0.2,10,20.48,0.2450288956699066,0.034023129470843474,0.004953853145836389,-0.4363979910018326,-0.1680044035446398,47.751117342191016,3.0589617911895903,27.79,0.822478305122635,0.03463209088423297,0.0021335262804003394,0.0,-0.05192633489431319,0.25770463641021607,2.2259107515624197,-0.0986502830963173,0.28424807290731957,0.0,0.6925801461469536,0.822478305122635,0,0.04767946683931665,25.455937053904883,1.0407837009384608,0.781756919924665,0.7810492361417589,0.7984506978093371,3.483031565233571,2.8981463873020776,-2.1424994015277483,-1.3760330085683687,4,27.79,-0.5525403917208371,0.3416637995391215,-0.439174180947347,0.5252001828552972,-0.013011541450747371,-0.6687740518666418,0.780516127918413,0.3797384222275627,-0.24010338940967554,0.003981729735302281,1.5630431428500766,0.9,GAUSSIAN,"(1160695387, 31)",0.5718246879824799,-0.013011541450747371,0.003981729735302281,-0.1463089130310058,0.031884223695228135,26.646356246214967,2.740378815330848,27.79,1.5630431428500766
planck18,,2.3,15.0,27.79,460,0.2,10,20.48,0.03150834359073251,0.0007586062018507984,0.012612937943890082,-0.008684159300862068,0.3417217251987569,50.61313105877238,6.0933141053194575,27.79,0.5762512187858595,0.010492619246575224,0.018274125965538388,0.0,-0.49332057101605403,-0.47212941185781465,2.097869489896718,0.12391338591140376,-0.06003169859051034,0.0,0.7462673172679632,0.5762512187858595,0,0.16901896924314466,23.052588909964236,0.7049770807848912,1.1027955564483787,0.8218194860642087,0.4527761332675876,0.9715689976267101,2.075997889407347,-0.4783282459342465,-0.12573191820869545,4,27.79,1.0005760278518983,-0.5956305803224101,0.09942621588468023,-0.17234922067470163,0.17930304806501618,0.11645619513918086,-0.2041861362490693,-0.4882827503068596,0.39404647569179835,0.009880611436501152,1.4046854450412163,0.9,GAUSSIAN,"(1160695387, 32)",0.8480871850082042,0.17930304806501618,0.009880611436501152,-0.38208704309443464,-0.2734176264737707,24.478598500787314,4.026408139322937,27.79,1.4046854450412163
planck18,,2.3,15.0,27.79,460,0.2,10,20.48,1.636462395698917,0.057734808046695035,-0.006837607372345848,0.06584514500040486,-0.4964997068517838,47.14170888634111,2.140675065332769,27.79,0.09320954541322163,0.05667624947124807,-0.007901745438068035,0.0,-0.10069034571375098,0.061587382552122226,2.0462241530234833,-0.0883496907889607,-0.04531778705722288,0.0,0.8309118680727308,0.09320954541322163,0,0.213925244670293,22.80820947856551,1.6658883677149714,1.2634041091427934,,,4.8121295162156015,-10.355321350643502,,,2,27.79,0.7011422693958609,-0.34120062789163663,,,0.19727997763399974,-0.9200742806162652,0.5413295367008789,,,-0.16913016084298282,2.3546957685318466,0.9,GAUSSIAN,"(1160695387, 33)",0.9961084124868398,0.19727997763399974,-0.16913016084298282,0.02767053705777798,0.2530067963294297,25.01160229801646,4.0245649351605115,27.79,2.3546957685318466
planck18,,2.3,15.0,27.79,460,0.2,10,20.48,0.8576382327243643,0.02290119162457545,0.018407215534108498,-0.2404641771531414,0.4772885379377487,48.15643034315004,5.8842065040997635,27.79,0.09908057823962169,0.021677769663927697,0.020937056542292908,0.0,-0.13920157271733472,-0.32414526989753156,2.2438671760677122,0.13805004367275095,-0.03774868636571055,0.0,1.0291394864975236,0.09908057823962169,0,0.18039598369847795,23.517066534910533,0.7813232578137146,1.0529479809613635,1.5655033230386377,0.8306691195202214,1.7830871752003996,2.3350322765225084,-2.8165675220353164,-0.6003533247748905,4,27.79,-0.9365219364396956,1.1994036121197322,0.46454180960930636,-0.22633146856975186,0.03719765531871094,-0.6110937958873386,-0.1426553266814135,-0.9131294630488682,0.7371318464491889,-0.15879008131897715,1.6522223721900686,0.9,GAUSSIAN,"(1160695387, 34)",0.5702415723163167,0.03719765531871094,-0.15879008131897715,-0.026773743846034682,0.017349838479055715,25.76241459788942,5.23059843253664,27.79,1.6522223721900686
planck18,,2.3,15.0,27.79,460,0.2,10,20.48,1.6538044589004994,-0.06852937024030645,0.044522166019356706,-0.09861280240380131,-0.49462366968247773,47.635809175792495,1.9830615790618222,27.79,0.7321724218155252,-0.07177085612584248,0.049052927050092406,0.0,0.4180390194360722,-0.3781398406729578,1.7462512329531894,0.2392017886315554,-0.05433849931939415,0.0,0.8903498205726816,0.7321724218155252,0,0.21000495448271916,22.192563270006925,1.1211214890855,1.085661555603351,1.3027918711005715,1.0882209401764609,2.9764269253399043,23.065766792039675,-24.32470224477425,-1.3032010714376523,4,27.79,0.8825618323367763,0.008658952718008922,0.21425297134768148,-0.5122724693982973,0.11097202690728397,0.7709444743400593,-0.6016430147931039,-0.5557329365425379,0.16286060836825156,0.15252813957961564,1.9786337415294233,0.9,GAUSSIAN,"(1160695387, 35)",0.14449441557014242,0.11097202690728397,0.15252813957961564,-0.032674284331488564,0.1706319723776836,24.006789073022258,2.898672707103477,27.79,1.9786337415294233
planck18,,2.3,15.0,27.79,460,0.2,10,20.48,0.138427143432024,0.058542234362078394,-0.03556945678868746,0.25960935173807925,0.34483971644604255,48.63398426451898,4.671223925480342,27.79,0.6197702211654781,0.05408839248490827,-0.03941678050611381,0.0,-0.30932695587751624,-0.18106828011453924,2.067730546757252,0.17269774876972435,0.12791131107397244,0.0,0.6335142648710923,0.6197702211654781,0,0.19935169389825802,24.726816686125275,1.1808326838281464,0.8649914916506196,1.2704601642985898,,1.7567301763852459,2.0322305702152788,-0.8331820518279518,,3,27.79,-0.9455509915752858,0.6728071726256237,0.06874743890075054,,-0.11269683613981668,-0.4050106007116195,0.05637783787992683,0.366252017060761,,-0.14861286730734946,1.7799744795054517,0.9,GAUSSIAN,"(1160695387, 36)",1.9869922711964696,-0.11269683613981668,-0.14861286730734946,-0.4832937806829706,-0.046361181965639126,25.40014402355765,7.034255407943848,27.79,1.7799744795054517
planck18,,2.3,15.0,27.79,460,0.2,10,20.48,1.4888452736600166,0.03362046281617852,0.1180936490603825,-0.024696561694414483,-0.07359365164207649,51.14689621141496,4.011656800796073,27.79,0.516271005101014,0.04160212140882628,0.12286955081853226,0.0,0.3065915189083402,-0.010620069355804092,1.985533302866162,-0.2107646195361183,-0.10004220059193014,0.0,0.7274834584747085,0.516271005101014,0,0.1401248112396842,25.154140994585426,1.2001617486430087,1.7955543109547805,1.2067742207046916,0.9000192717806811,2.157745263307611,3.7062676558612724,-1.2046771285494406,-0.49514199673489656,4,27.79,0.04183235858628951,0.34001730987546847,0.6499136040931064,-0.3685502458233834,0.16841447052108094,1.2223219142854909,-0.7704048290115896,0.09115068436584968,0.047898288904687884,0.1824815532810295,1.868811261343359,0.9,GAUSSIAN,"(1160695387, 37)",0.8078128942835314,0.16841447052108094,0.1824815532810295,0.24335353363893855,0.17732234144491255,24.262815876317013,2.4276764248639244,27.79,1.868811261343359
planck18,,2.3,15.0,27.79,460,0.2,10,20.48,1.4064275356809008,-0.0415221303827265,0.07850997371337687,0.2349041332664476,-0.09632371220407636,51.20004156313963,2.8030175574791376,27.79,0.4376740185647717,-0.043389239435568244,0.08057761131974034,0.0,0.03278520567216122,-0.07258359186610959,1.9105620532395398,0.12840942138117278,-0.019273991057815944,0.0,0.43120936933703113,0.4376740185647717,0,0.11203060253232182,27.317208384686428,0.9561838758068246,0.22723901185130602,,,2.824705255862232,-2.032907331500951,,,2,27.79,-0.6818818921653602,0.2978144716285165,,,-0.15529295475402122,0.0187526219874591,0.07669379879621316,,,0.07524709523949963,2.322459173994634,0.9,GAUSSIAN,"(1160695387, 38)",1.372700249425657,-0.15529295475402122,0.07524709523949963,0.11161393848198384,-0.033317236392013755,25.44299358171708,2.1194164946389975,27.79,2.322459173994634
planck18,,2.3,15.0,27.79,460,0.2,10,20.48,1.0445680026093984,0.11239077301735784,0.06452512865451529,0.10671264718560147,0.2518107922816592,51.74730247812622,3.942197827534863,27.79,0.4984809919118018,0.11544127857075182,0.07215397063160554,0.0,0.001743435928629082,0.045981632282611866,1.5762494371011304,-0.14660644806048953,-0.1466841558146056,0.0,0.6788113424065647,0.4984809919118018,0,0.19904258155992297,24.41157881425353,1.159219339065631,0.852145963683032,,,3.8666923651196203,-4.315009321377524,,,2,27.79,0.6453189165617744,0.2016821894781212,,,0.18068884408597613,-1.275921139982619,0.40265543243541796,,,-0.11589045089792323,1.6689057090987967,0.9,GAUSSIAN,"(1160695387, 39)",0.30518964542261123,0.18068884408597613,-0.11589045089792323,-0.2276598866263682,-0.2949622612526894,24.08380264483164,3.8127232613481956,27.79,1.6689057090987967
planck18,,2.3,15.0,27.79,460,0.2,10,20.48,1.1067301749996732,0.046366495819287624,0.1427612274571853,0.15240342093349252,0.0013574142541571295,48.39255618662233,3.594699792940261,27.79,0.12905830966964665,0.040452627124340744,0.14732973613404043,0.0,0.3475849248267755,-0.051912115579429936,1.916576104438554,0.061879893870163905,0.025109082120349048,0.0,0.6950683903013326,0.12905830966964665,0,0.16556307933452552,23.266113972313086,0.9619392957304992,1.0319174779437073,,,3.3367551155416058,-0.9973647412691777,,,2,27.79,0.37760761042075763,-0.3531761359656828,,,0.186816747184612,-0.6059846289127262,0.24513575981460364,,,0.0699431895144057,2.089749952714395,0.9,GAUSSIAN,"(1160695387, 40)",1.4888681546453553,0.186816747184612,0.0699431895144057,0.1237364825760992,-0.445951200144922,25.680288471924836,4.086013405174539,27.79,2.089749952714395
planck18,,2.3,15.0,27.79,460,0.2,10,20.48,1.437686272727575,0.0031853036755737432,0.07617489146808906,-0.09645064453112465,-0.4209264208010534,47.88422975501328,1.2457464705359378,27.79,0.3893918789912839,-0.008849068711444528,0.0813873465254983,0.0,-0.1953692891592877,0.36572919462853154,1.8124644639496064,0.01455613054958332,-0.03360756026426248,0.0,0.5494796815087054,0.3893918789912839,0,0.15094517444315353,25.60130520391298,0.9759808588302673,0.762972633595139,1.3590012782873175,1.2300264761029822,2.46121697060283,2.298723706200482,-2.702353858424927,-0.6418136894090185,4,27.79,-0.7297757514143358,0.32948883928272404,-0.2488622905993086,0.0951296912643195,-0.10915636319701877,0.18995684201937393,-0.48608652532868707,-0.41372038980016135,0.23362412560807783,-0.03140845286729088,1.4648490683886335,0.9,GAUSSIAN,"(1160695387, 41)",0.5446292113948494,-0.10915636319701877,-0.03140845286729088,0.14537288764564368,0.1734760026428879,25.6650227140409,4.4355925807572,27.79,1.4648490683886335
planck18,,2.3,15.0,27.79,460,0.2,10,20.48,1.7587682015880701,-0.10150481088656789,0.014590782887039584,0.2310617527085213,0.07790898973326217,49.635794548668805,6.9828647330285305,27.79,0.53990336841217,-0.10050497983901234,0.014516241678106685,0.0,0.1218905743221787,0.5403697408360758,2.024132914122639,0.018801959736927016,0.1590800165790544,0.0,0.8273315292306319,0.53990336841217,0,0.2653451759945861,25.371840405502034,0.4498487221625158,1.281872047809235,1.6248512883010575,0.997985677002569,1.4148308081202363,5.697947026789092,-6.115608497217409,-0.44798124985826926,4,27.79,0.8718607092928542,0.29054893834385753,0.634356114754694,-0.44048905477438427,0.12511672668174584,-0.005805368453756359,0.9173777681758276,0.7057776046381325,-0.23148045906435005,0.15416905393141844,2.1526747037635507,0.9,GAUSSIAN,"(1160695387, 42)",1.1279181097782063,0.12511672668174584,0.15416905393141844,0.16939848045440178,-0.2969844696387301,26.017323442746324,2.832042446122323,27.79,2.1526747037635507
planck18,,2.3,15.0,27.79,460,0.2,10,20.48,0.8746784013627484,0.01654786270966375,-0.025753715172028777,-0.19789487943214015,0.5472138737348533,48.9521581196766,4.8550549279379895,27.79,0.6782518566761715,0.00939797022045122,-0.024100640729622074,0.0,0.16722785724236772,-0.15743800726112592,1.9182407677554496,0.005413556645923803,-0.03615102041729884,0.0,1.0937454113986627,0.6782518566761715,0,0.19993610435739434,25.254558365064337,0.9538330283756726,0.9812339624567502,,,4.234769422455028,-1.7288043709875984,,,2,27.79,-0.920405556627861,0.7855761840871228,,,-0.18914431880312274,-0.8874857493481081,-0.15114237799041694,,,-0.047667679043557454,2.6617812946147854,0.9,GAUSSIAN,"(1160695387, 43)",1.1084007855887423,-0.18914431880312274,-0.047667679043557454,-0.11647135200256174,0.1500509660076489,24.81746790148744,3.211537389837323,27.79,2.6617812946147854
planck18,,2.3,15.0,27.79,460,0.2,10,20.48,0.8082507504836611,-0.08156721330711272,-0.007878740228675664,0.18310674250184908,-0.2460780629927137,51.01467684578214,2.5759007739296633,27.79,0.6628233784734348,-0.08797655884776578,-0.0025098652404611163,0.0,0.014658035957984558,0.20563129954453502,1.8854843402696255,0.08318111548627057,-0.23073520752279653,0.0,0.9434850220478506,0.6628233784734348,0,0.12549278368120753,24.269619109252456,0.451158025399251,1.160254810052495,0.9811536085931645,1.169706012033979,0.9444520371667,2.8674589402946564,-1.2234422497665587,-0.9666915416954119,4,27.79,1.1768867324237458,-0.9796185694515941,0.30879216560265005,-0.5170682433123097,0.03750778408932959,-0.8395165869139907,0.8927057223087925,0.6224067206029285,-0.39065183187920927,-0.003965349250605321,1.8019860146266815,0.9,GAUSSIAN,"(1160695387, 44)",1.151033292029241,0.03750778408932959,-0.003965349250605321,-0.049726365469929305,0.43675232421646965,25.95871745854745,5.840219597297064,27.79,1.8019860146266815
planck18,,2.3,15.0,27.79,460,0.2,10,20.48,0.791731100838212,0.05015184435311207,-0.09500657286911049,-0.3941982764913632,0.3586827242474818,50.91429368774349,2.638649716391758,27.79,0.48752397046606893,0.06220956379449444,-0.09379293714248127,0.0,-0.2648927504992228,0.34711310117250377,1.946566980030766,-0.05224646018564145,0.20482621931920839,0.0,1.1198865615642855,0.48752397046606893,0,0.32688157123240963,26.306434763291477,1.1593051036653326,0.784673454638747,,,4.438784694105512,-1.1907812578265282,,,2,27.79,-0.891632645836419,0.08954584726653364,,,-0.09213128846347507,0.7525909415211611,-0.7621243491089442,,,0.19435713302175195,1.9982043114246888,0.9,GAUSSIAN,"(1160695387, 45)",0.2077854921294705,-0.09213128846347507,0.19435713302175195,-0.08634012870270465,-0.17916983742437717,25.96560485218591,5.433842440954928,27.79,1.9982043114246888
planck18,,2.3,15.0,27.79,460,0.2,10,20.48,0.8357174112893094,0.04932628462337149,0.058936316461759626,-0.3549877764001311,0.2108921662030808,49.412302883952236,4.157432809479524,27.79,0.6006876236091053,0.054004234939836304,0.05935798144295518,0.0,0.004149954916251347,0.1507546289092825,2.0731612111327062,0.13431947964682692,-0.061125408321142126,0.0,0.5647754564463732,0.6006876236091053,0,0.10336195675916054,23.180359959074398,0.9799613463850709,1.0520847635711055,1.085526758007649,0.7932576285944826,2.4712514977341082,4.526129815818898,-3.830186504424787,-1.0680396188137318,4,27.79,-0.5269500254199126,0.6747214195475917,0.45975517350438566,-0.05707778760358507,0.029722352410966074,0.4768359636474548,0.05104268590906615,0.43658245196511647,-0.3453933081300116,0.15982730156575048,1.9270031814023412,0.9,GAUSSIAN,"(1160695387, 46)",0.45565619892872444,0.029722352410966074,0.15982730156575048,0.03220715842174614,0.24318338302252268,25.28768245767254,2.7543616618201785,27.79,1.9270031814023412
planck18,,2.3,15.0,27.79,460,0.2,10,20.48,0.600389481859436,0.11203847359475641,0.05620134518232263,0.3523584030743662,0.034053511890473814,48.79118620405368,0.9707605192892732,27.79,0.5694090428984213,0.11133370179219905,0.05117426485012239,0.0,0.046160883643052104,-0.17356497051701103,1.9743916498153913,0.31613517887169806,0.1641787070180252,0.0,0.8376455419017111,0.5694090428984213,0,0.26471138085205453,26.140391628542865,0.7921978964732818,1.5062684291271982,0.9945074568689783,0.9488816643586243,1.453990373811387,4.364608449288052,-1.7401420356905455,-0.6383868789192338,4,27.79,-1.473664793238721,0.9548437596157947,0.11859874449674448,0.43753204674094287,-0.14411170947647647,-0.3102114685847691,0.6178826978808225,0.745606019969441,-0.3036819621116855,0.12059873470318405,1.406452105082094,0.9,GAUSSIAN,"(1160695387, 47)",0.6684789754768518,-0.14411170947647647,0.12059873470318405,-0.07646535816453848,-0.32386599741016736,25.61487750848696,1.7467849774292508,27.79,1.406452105082094
planck18,,2.3,15.0,27.79,460,0.2,10,20.48,0.1980939394929585,0.02825494268511187,0.018833977806324093,0.41193846388807104,-0.09753377805368725,50.09956978183711,3.984313389925398,27.79,0.8980922658330328,0.025492356191125734,0.024935387627328706,0.0,-0.149838620524123,-0.22211288422726833,2.24717934305615,0.2506667399276458,0.1907547323772501,0.0,0.5624360264397409,0.8980922658330328,0,0.14769136489148785,27.67208927034448,1.076026462144978,0.697819544652523,0.6038913143472946,1.035301422355355,1.480466944165266,1.2382993894071002,-0.4811710528815248,-0.4976472933344504,4,27.79,-0.8102811199982941,0.6605358692001568,0.32233218263465924,-0.0334232453636253,-0.07375147267135526,-0.3714384085179421,0.14801784208292545,-0.33594145951513626,0.39627955458029657,-0.08444194867331994,2.48469266433995,0.9,GAUSSIAN,"(1160695387, 48)",0.017389473926184507,-0.07375147267135526,-0.08444194867331994,0.04720260748437141,0.3399206899251947,26.224430986348516,5.548941739839254,27.79,2.48469266433995
planck18,,2.3,15.0,27.79,460,0.2,10,20.48,0.397370288288984,0.03796523845459755,-0.06836023987280314,-0.04757393543473762,-0.15461560054539183,52.71753085734862,2.057757748085854,27.79,0.5453706723088505,0.04991146517559537,-0.07123114840118663,0.0,-0.07479112355281596,0.07455570205457508,1.7433637361801528,-0.20101908512712782,-0.0847598900249251,0.0,0.6244230561339827,0.5453706723088505,0,0.13965345239026125,24.09600576598664,0.6655321116698216,1.181628673776737,0.988050564118864,,2.078719158887865,14.96131737575395,-2.884060542773941,,3,27.79,-0.3825413757942748,0.06401569738893438,0.4590565276492979,,-0.03602700160951758,0.8689758264929329,-0.7155303294525641,-0.12958943547637233,,0.03884912544995803,2.6847828161005856,0.9,GAUSSIAN,"(1160695387, 49)",0.893760882392155,-0.03602700160951758,0.03884912544995803,0.10590144850386868,-0.43053750329162316,25.045612603076187,2.081988370072054,27.79,2.6847828161005856
planck18,,2.3,15.0,27.79,460,0.2,10,20.48,0.3099202297684023,-0.06299055495953779,0.20031761619569768,0.12703374340589052,-0.105411779141301,52.22374978179811,4.948015210264898,27.79,0.33533646752224766,-0.06700686701851463,0.19733950852091914,0.0,0.07676322777284134,-0.1867974927881901,2.1452084824454385,-0.19578838341127003,0.17290650499952695,0.0,0.8500376560774602,0.33533646752224766,0,0.36449412201278863,27.025194723440247,0.914452300447967,0.7364658483512545,1.2645750692680544,,1.6297446145076138,-2.589770183530734,-0.3999505067000204,,3,27.79,-0.09914616791197603,0.8471950635095146,-0.4098326518664121,,0.1759174298746633,-1.1158723910532389,0.12631304274648003,0.42373787976323973,,-0.07440255844853036,1.7078850874215095,0.9,GAUSSIAN,"(1160695387, 50)",0.15890953652823947,0.1759174298746633,-0.07440255844853036,0.04563950388897874,-0.02215865599506991,24.246187358972506,5.72913982711715,27.79,1.7078850874215095
planck18,,2.3,15.0,27.79,460,0.2,10,20.48,1.9717164154198534,0.013664746993814623,-0.050266337552725214,-0.2265461791596854,-0.20556121456546927,51.239610749322274,3.135916843362071,27.79,0.40302954820950854,0.006777188335283002,-0.0518201618612327,0.0,-0.03676570255847916,-0.00387924983335717,2.1532610238326293,-0.11941997425505237,0.2088361557917846,0.0,1.371133693458166,0.40302954820950854,0,0.14901197966995572,22.167402530247177,1.093603945851246,0.8617691996179764,1.1121283059181515,0.9634154948706853,2.546107261469896,2.371009773623431,-2.3069893865832896,-1.1291466944244635,4,27.79,0.7212760106114973,-1.128260671360032,-1.1138607838907642,0.8210641150609633,-0.06594125740402879,1.6123205833263514,-1.257570900977845,0.47077964395635324,-0.7083472352573635,0.07824365991261056,2.0434872315898316,0.9,GAUSSIAN,"(1160695387, 51)",0.717455389485802,-0.06594125740402879,0.07824365991261056,-0.03142855627800296,-0.17810171183422233,24.304024597479213,2.182805789093406,27.79,2.0434872315898316
planck18,,2.3,15.0,27.79,460,0.2,10,20.48,1.364690716533226,-0.03795814107376463,-0.03305886679110511,0.07837971614742022,-0.1026415811715324,52.1811337547353,3.6077927202245945,27.79,0.5396165687933527,-0.03681713590497287,-0.032049169282323875,0.0,0.06843842235865492,-0.06057428053363301,2.171548351676479,0.2314100468559438,0.032504594649741016,0.0,0.9237823618493645,0.5396165687933527,0,0.09365150870072583,26.08034994908924,1.5663921199934845,0.9850189653520072,0.911004735610973,1.0222980751849045,3.592445822391948,3.320693933106854,-2.076187061919744,-1.6562036404138618,4,27.79,-1.241984199237401,1.0156426724959349,0.35906835521833985,0.012475375772248198,-0.10518707429353419,-0.29791678693916424,-0.0009686770741823167,-0.7556943212539285,0.7103141873894278,-0.09605039276021105,1.416881403878862,0.9,GAUSSIAN,"(1160695387, 52)",1.0290094544323911,-0.10518707429353419,-0.09605039276021105,-0.31276108716328666,0.1989092470191349,24.614371249168116,4.986921711779801,27.79,1.416881403878862
planck18,,2.3,15.0,27.79,460,0.2,10,20.48,0.9973148415786184,0.13279033616299715,-0.05585485063153056,-0.15976936831999908,0.19219264641015882,51.15563708083483,4.508682854342502,27.79,0.8172113501586425,0.13194884146251615,-0.0659056274524715,0.0,0.08605385463353207,-0.3041284394768813,1.928502772360904,0.11867983678703796,-0.15511567039171156,0.0,0.7174763694086922,0.8172113501586425,0,0.3070461211924285,25.159192152500705,0.9423673810516532,1.3121963985331604,,,2.549138806709758,-2.9209612090193016,,,2,27.79,-0.9639394156029926,0.5588979491400323,,,-0.17305666523867622,-0.14781825049499062,-0.13120406949847735,,,-0.10124627573832515,2.478116406091611,0.9,GAUSSIAN,"(1160695387, 53)",1.2908806021936314,-0.17305666523867622,-0.10124627573832515,-0.15819163123738156,0.09276420963630559,25.44242947852508,1.7543575199863841,27.79,2.478116406091611
planck18,,2.3,15.0,27.79,460,0.2,10,20.48,1.4708352825562736,0.03666198657635279,-0.06598198792045214,0.25887467031202066,-0.5336899120890032,49.50460161249976,2.4558672278314635,27.79,0.5845960608238601,0.028724025632052147,-0.06306686011501764,0.0,-0.3394676638363248,0.08680504325636708,1.9265147706727548,-0.07305832260206996,0.06225440022090046,0.0,0.5513365463360227,0.5845960608238601,0,0.16058669994626804,24.928533583441656,0.7434268244965011,1.3660566279505513,,,1.947847577705809,-4.280184766757273,,,2,27.79,-0.6793141693500294,0.25066458849875617,,,-0.12253927290710132,0.028517953048005303,-0.3582598495675066,,,-0.009145596084139646,2.2989592447873926,0.9,GAUSSIAN,"(1160695387, 54)",1.0002093581701754,-0.12253927290710132,-0.009145596084139646,0.17058390481280236,-0.2525596662129451,24.500443533597867,5.9986924135587785,27.79,2.2989592447873926
planck18,,2.3,15.0,27.79,460,0.2,10,20.48,0.6429743945968154,-0.018738352338757584,0.16937417401982022,-0.010813783270501514,-0.03202462828273494,50.67983609185694,6.2013319826891715,27.79,0.3697342581503814,-0.0177582371581076,0.16046577274260185,0.0,-0.030991701944461714,0.2841962486055083,2.207679974317973,-0.18803291681006204,0.21959941350464196,0.0,0.8217143812925135,0.3697342581503814,0,0.29879554315964973,23.846415424226617,0.28121977642203955,1.8571705736384936,,,0.5369287309447597,-3.4075095336063206,,,2,27.79,-0.46641054700159723,0.4966089128280791,,,-0.17121039991497203,-1.0900794084649845,0.5932073003471054,,,-0.09591521398869013,1.5380411566443193,0.9,GAUSSIAN,"(1160695387, 55)",0.9275148421253223,-0.17121039991497203,-0.09591521398869013,0.3371259417945521,0.018031452056547024,25.83972548627972,3.772543126493205,27.79,1.5380411566443193
planck18,,2.3,15.0,27.79,460,0.2,10,20.48,1.7547451527541447,0.03155613058374534,0.05888619099104724,0.48771221508906376,-0.26793283469615375,49.68539510165492,6.130757138154852,27.79,0.6785452643507777,0.033927779200355994,0.061235534902772684,0.0,0.06193249059041693,0.022929747142379945,2.5122881947087197,-0.041156150568139885,-0.03374123933860367,0.0,0.6805849490840254,0.6785452643507777,0,0.20076801398980737,24.12112528032273,0.8737508045789546,1.2081907743727647,,,3.5874209983760093,-1.2272564693574888,,,2,27.79,-0.7487970602052475,0.5660391594338977,,,-0.16669358106409413,0.23551251378578894,0.11909847575188671,,,0.05356316583883908,2.577104602119658,0.9,GAUSSIAN,"(1160695387, 56)",0.4695211984910509,-0.16669358106409413,0.05356316583883908,0.21658587883946598,0.05590199594201643,25.433243897428895,3.0943558810039824,27.79,2.577104602119658
planck18,,2.3,15.0,27.79,460,0.2,10,20.48,1.5800424209223611,0.014693821891980019,0.05177934193461318,-0.23181109565826657,-0.37078636214914035,51.34260598981784,1.6615625790881372,27.79,0.5610101124363043,0.013639358857499836,0.06019007863005201,0.0,-0.11081576085269834,-0.22527683122619743,2.021276544338773,0.004524689408285455,-0.2785960350055089,0.0,0.7258448916656319,0.5610101124363043,0,0.19634522225125792,24.43461422676113,1.1542642120300244,1.131493004289716,,,3.348761093223607,-1.8113532049376182,,,2,27.79,0.7479547269476157,-0.007314293466753114,,,0.0684264098638892,-0.8017216466611431,0.5658586995598911,,,-0.12835653455331747,2.392831970674377,0.9,GAUSSIAN,"(1160695387, 57)",0.11789988358462766,0.0684264098638892,-0.12835653455331747,0.2797085512787032,0.05005583283992297,25.379664650635995,4.466313140276639,27.79,2.392831970674377
planck18,,2.3,15.0,27.79,460,0.2,10,20.48,1.0072304107510563,0.041519369885104185,-0.08471172889764503,0.09354012283584062,-0.03274928162172381,50.248845910335625,5.750867471902609,27.79,0.6726025585223245,0.04353613511052997,-0.08624977927850075,0.0,-0.02066971100685545,-0.13167605359620585,2.0967925714509255,0.05086527129380078,0.10544970070132084,0.0,0.9534793584403133,0.6726025585223245,0,0.04431054655142399,24.319232008306344,0.5931525139090101,0.041599339903693355,0.7595164048903025,,1.5646211360918343,-0.08439093187314524,-1.3393048064649982,,3,27.79,0.9454980698812272,-0.5358033319767876,0.4446337228703004,,0.07288937774100146,0.6136055672825891,0.5316142193718851,-0.7901022512767941,,-0.05305623046607963,1.5725168291389484,0.9,GAUSSIAN,"(1160695387, 58)",1.6758244636972692,0.07288937774100146,-0.05305623046607963,0.09744386404365665,0.2894111666644005,25.219830591493917,2.9881397009775923,27.79,1.5725168291389484
planck18,,2.3,15.0,27.79,460,0.2,10,20.48,1.8844776070084328,-0.05027165997533582,-0.0933353123843566,0.11510607666983938,-0.0013377401008280835,52.66807463062468,4.65710119943013,27.79,0.40832778014343823,-0.05015732540809092,-0.09725664622820925,0.0,0.02097151525426915,0.13680137849300644,2.2326789504340194,0.22848243804005589,0.009277253651456133,0.0,0.6878620491211263,0.40832778014343823,0,0.16892267829038995,26.60628701779591,0.9133495352485259,1.1087675045216105,,,1.6773341344385972,-1.2144448534884944,,,2,27.79,-1.0565598395982811,0.24837596786823476,,,-0.19000051058295894,-0.1542488548320296,0.33515544613059844,,,-0.19201293784489373,2.0151963858698703,0.9,GAUSSIAN,"(1160695387, 59)",1.52070160153234,-0.19000051058295894,-0.19201293784489373,0.07338635823678201,0.28739260970167935,25.00052353072368,0.6110251920819039,27.79,2.0151963858698703
planck18,,2.3,15.0,27.79,460,0.2,10,20.48,1.6848083886298237,0.00446227831204957,-0.17273420200213796,-0.30638041983031045,-0.055921304485150355,50.17375611053324,6.305061980143128,27.79,0.635561754132777,-0.0006570473727424795,-0.17371247069315365,0.0,0.224891116749136,0.3474052565082371,1.8429513971139306,-0.07977112512519263,-0.014675738947359889,0.0,0.7668815103418172,0.635561754132777,0,0.30480098998309846,24.64876734174085,1.1614880106164422,0.7373269636968705,,,2.164333459085616,-0.6045761772283332,,,2,27.79,-0.28988652544184407,-0.21164770776013142,,,0.01333701879599114,1.0876292277016604,-0.41413905219242814,,,0.13076710104646566,1.3854043932819748,0.9,GAUSSIAN,"(1160695387, 60)",0.6280509347867799,0.01333701879599114,0.13076710104646566,-0.0651770168383148,0.34369392931398035,26.989922868565483,2.4596240614559277,27.79,1.3854043932819748
planck18,,2.3,15.0,27.79,460,0.2,10,20.48,0.10121598223798478,-0.022900346666323443,0.08449807765106865,0.047915645021428886,0.10098401583233067,49.85818744882972,4.0203031387513155,27.79,0.4747605016064446,-0.018445549767509114,0.08003793919629404,0.0,-0.09793878676576694,0.5568808632434183,2.062837623859383,0.1419167091001429,0.2362741469733339,0.0,0.6517463495390913,0.4747605016064446,0,0.2622227703594156,27.35646956383946,0.7695180175991514,1.5172384233351948,,,1.6946986948224412,-0.5056209400883094,,,2,27.79,-0.924038177837142,0.13715871662700627,,,-0.15890992237327484,-0.3381705494430054,0.3168981254545967,,,-0.14139047208698152,1.2089833350940316,0.9,GAUSSIAN,"(1160695387, 61)",0.48831241878562626,-0.15890992237327484,-0.14139047208698152,0.2847124486792755,0.34835821562989244,25.447562648749905,4.126344031643321,27.79,1.2089833350940316
planck18,,2.3,15.0,27.79,460,0.2,10,20.48,0.876720585789957,-0.13211185805419842,0.0033620772258020517,-0.04334639047896665,-0.2740570197262392,50.43259422497483,2.4259650396223895,27.79,0.67468138668876,-0.13197171972549487,0.0056415498754864585,0.0,-0.07941778301833975,0.25768700598305244,2.03396270973312,-0.07754023129880522,-0.10775185029446656,0.0,1.0988531638831498,0.67468138668876,0,0.23609346367391804,25.956195460040664,0.48154753056470423,0.9213796735679803,0.47694033973347993,1.336282713252733,1.005156279398082,3.312172664751401,-1.216631667033516,-1.204649335330933,4,27.79,1.0423097815439462,-0.4514932041321679,0.32611432016537995,-0.7404451309509777,0.10380429761566684,-0.8804676941234482,1.1434952551034219,0.9630504048651963,-0.3825766898660493,-0.006597454834369076,2.3404533070753777,0.9,GAUSSIAN,"(1160695387, 62)",0.06902903499219853,0.10380429761566684,-0.006597454834369076,0.09895615747876538,-0.11834710251215966,25.16954955657099,2.771729186189604,27.79,2.3404533070753777
planck18,,2.3,15.0,27.79,460,0.2,10,20.48,1.7610222097539787,0.015137957739966049,-0.03860825053260288,-0.011883095368523527,0.08779142875544971,50.112902800939594,4.259405813226763,27.79,0.5713278238084425,0.010409222652358245,-0.03849650470722025,0.0,-0.06490027557345486,0.0021952083467032986,2.151085061800952,-0.08598097452031908,0.14103360840478293,0.0,1.0140865901077794,0.5713278238084425,0,0.29194447681525154,25.617959194809142,0.3936822603165101,1.1493295832523007,,,1.6581117789939057,-1.1697318636340628,,,2,27.79,-0.07978135794504337,0.5022066040979384,,,-0.18542660093474106,1.2325184668547513,-0.5133965962342095,,,0.17802117988896576,1.6669393058118596,0.9,GAUSSIAN,"(1160695387, 63)",1.3500439976740861,-0.18542660093474106,0.17802117988896576,0.1868640998342744,0.5051080039639322,24.85234725411586,3.4783086187524423,27.79,1.6669393058118596
planck18,,2.3,15.0,27.79,460,0.2,10,20.48,0.5246358182892057,0.061531721920532426,0.04006985663725446,-0.006180879990837633,0.07335108589323634,48.69327168358433,4.778261938796818,27.79,0.3251172470568676,0.06230953367407986,0.041943696902764165,0.0,0.30382750334291164,0.3813859488799718,2.088050792524669,0.02506720738844043,-0.06403910598568804,0.0,0.9485736470574523,0.3251172470568676,0,0.13673449945866464,25.900122565216403,1.0306969767859149,1.1887672446969186,0.9410935483631447,0.9897218061203561,1.7961852062362573,2.7648153773990787,-0.9176801168145005,-0.60224746467277,4,27.79,-0.6677673975117409,0.41742432979838995,-0.563564689788349,0.6853287619323033,-0.053428372412706565,0.9550065031329158,-0.8116453635545244,-0.42859513974424673,0.2887411389933931,0.11475207854154096,1.8449960184024214,0.9,GAUSSIAN,"(1160695387, 64)",1.4693580418930852,-0.053428372412706565,0.11475207854154096,0.016177723551050287,-0.27727862213826204,27.12510108244291,0.9661593183619543,27.79,1.8449960184024214
planck18,,2.3,15.0,27.79,460,0.2,10,20.48,0.9671557276149931,-0.07625859373626823,-0.032385917708034936,0.08599708040226348,0.08078738775678092,51.45593660277583,1.159561645651856,27.79,0.41150406058977,-0.06707861783822779,-0.04058860001605368,0.0,-0.2348145426384075,0.03722885565789348,1.7969227518909276,-0.17355433552748964,0.014034528754627207,0.0,0.8894666778300413,0.41150406058977,0,0.1448692246311294,27.355996811086456,1.234278181329687,0.12437349886268201,,,9.807297254354609,-0.8565194164178689,,,2,27.79,-0.49020657064423384,0.08642540965108735,,,-0.13299645213593175,0.9989225297506965,-0.7817892071143449,,,0.08841500988198392,1.7962420559839796,0.9,GAUSSIAN,"(1160695387, 65)",0.12398040355022044,-0.13299645213593175,0.08841500988198392,-0.2540716126792918,-0.04238998273753723,26.26665072173221,4.4239783211209005,27.79,1.7962420559839796
planck18,,2.3,15.0,27.79,460,0.2,10,20.48,2.2889169048406672,-0.020314235143030178,-0.026604525911772647,-0.16272552797204565,-0.1957211742171089,52.23483324250492,2.2194378426153873,27.79,0.6486128211019027,-0.010322746490358536,-0.021443040925681195,0.0,0.46643723174580665,-0.13315153739534397,2.1557629175601716,-0.09648243815781939,-0.23513033632544095,0.0,0.6027569291168888,0.6486128211019027,0,0.06816351812257294,23.8347052125441,1.5372372551495714,1.0361265852177997,1.109694868608021,1.0780355640505161,2.358099090172251,1.8996916792348155,-0.9602608837545231,-0.57921586008075,4,27.79,0.2798505137602599,-0.15984973044727,0.44803227949964763,-0.44852864836466005,0.022332898555635472,-0.8018152808397403,0.6273265076865412,0.07727841686827192,-0.00019873187195605223,-0.08127508960760732,2.4285295397832485,0.9,GAUSSIAN,"(1160695387, 66)",1.1616863143455478,0.022332898555635472,-0.08127508960760732,-0.12729435947821818,-0.05363895345214701,24.963673758864196,2.2617405733554428,27.79,2.4285295397832485
planck18,,2.3,15.0,27.79,460,0.2,10,20.48,1.4096739980841597,-0.01796035931990177,0.001986197057616964,0.23272227472523682,0.09152872764734461,49.39052752929879,5.2439475051683235,27.79,0.5745045423045481,-0.017010741457058876,-8.326952734733965e-06,0.0,0.3343338409249634,-0.14976347688856298,2.10577933918606,-0.21623710043353123,0.06810751543422663,0.0,0.6976231973198572,0.5745045423045481,0,0.10954497217683953,27.556307687963265,1.009936309540039,0.7268535002477361,1.1901665921926252,,1.5693643582015993,1.2939143346138382,-0.8998096654411858,,3,27.79,-0.07602746821729046,0.2603495723720306,0.5505154360949494,,0.05422864194785382,-1.0112890750290595,0.7994597424544673,-0.04029222401791786,,-0.08322521935633508,1.919685098558493,0.9,GAUSSIAN,"(1160695387, 67)",1.412335964315528,0.05422864194785382,-0.08322521935633508,0.36517254078424616,-0.23300545523274707,25.006701015733938,0.6705866518692059,27.79,1.919685098558493
planck18,,2.3,15.0,27.79,460,0.2,10,20.48,0.37450802259439264,-0.007783255836036238,-0.022892504607598105,-0.15560393569715383,0.18721932071038414,50.5667153227192,0.5627716427794631,27.79,0.8598903327398963,-0.01766242771158412,-0.021041391638320688,0.0,0.24292569523153362,-0.05585379620627602,1.5346643050136768,-0.1534995989811594,-0.07344280500308993,0.0,0.8731742306031111,0.8598903327398963,0,0.11768839247976978,23.22399939279478,0.8309165009464251,0.4119583221101455,1.070943286673551,1.2000821633147165,2.742854579910697,1.8771720201226634,-2.331226033407555,-2.1132833216985754,4,27.79,-0.21370621272787602,-0.018209943120654503,-0.5383655453476486,0.3616994688553905,-0.07024378455038213,1.7276178120876586,-1.292561888438815,-0.15907283214124568,-0.11486279848039373,0.08424753768220816,2.222144285735155,0.9,GAUSSIAN,"(1160695387, 68)",2.238177302482282,-0.07024378455038213,0.08424753768220816,-0.006149805249352974,0.30372088221555166,26.198821486499217,1.506334337345822,27.79,2.222144285735155
planck18,,2.3,15.0,27.79,460,0.2,10,20.48,1.2043662888482891,-0.019680198171786158,-0.024648216686739794,0.42876944856130844,0.3053193108445443,47.38384099524957,1.2088690492063818,27.79,0.6346780186167983,-0.01716109758228078,-0.016530147174848096,0.0,-0.09915319346091835,-0.10852336333808048,2.103770408049583,-0.08259882543517874,-0.05371384788323516,0.0,0.7506032395622688,0.6346780186167983,0,0.13682441829283262,23.551788497824745,1.1767191699820814,0.5704268510905444,,,5.694655256413226,-2.8815112998255077,,,2,27.79,-0.45572539954837604,0.40390977764132985,,,-0.10735327932623329,-0.7716006803703853,0.43611000142686784,,,-0.11941985411114892,2.5398086423501773,0.9,GAUSSIAN,"(1160695387, 69)",1.0789001817057136,-0.10735327932623329,-0.11941985411114892,0.07970207763636962,0.27475843308503195,25.83226548202748,5.038561041737726,27.79,2.5398086423501773
planck18,,2.3,15.0,27.79,460,0.2,10,20.48,1.220229808755152,-0.042241847609164745,-0.0434554262097909,0.26402888555467224,-0.1155772941844016,50.449000051029785,2.185171645072092,27.79,0.47608337073801427,-0.03916776843394984,-0.043316656439437606,0.0,-0.20027197148155276,0.31176873124215415,2.2357364184003417,-0.07034030546278049,0.0312468572517882,0.0,1.0274198661120912,0.47608337073801427,0,0.15217916964680928,27.599654007125014,0.8178544632300139,0.6836084524089747,0.9210084922467573,1.3109858840758197,2.2067506483388697,5.052823603451688,-4.717112834028768,-2.655746456783186,4,27.79,0.9462170874300571,-0.33377176666051145,0.13019975264768677,-0.7248617204693384,0.11134833613095152,-0.5734291450405096,0.8905157878317048,0.9516580669612751,-0.600163620267413,-0.06575327697373465,1.190319816626805,0.9,GAUSSIAN,"(1160695387, 70)",0.1081339045374739,0.11134833613095152,-0.06575327697373465,-0.12560036926227955,0.1954356135308292,26.209505370863546,4.1065316643925955,27.79,1.190319816626805
planck18,,2.3,15.0,27.79,460,0.2,10,20.48,0.8026070628723985,-0.012562528671629124,-0.07137604021516257,-0.013588656751828493,-0.3437393698068165,49.509953010312856,2.4544069739621324,27.79,0.6235771683573825,-0.008072906943769474,-0.06740782979655147,0.0,-0.4287746480769214,-0.16439872455422253,2.0228226371157265,-0.19270543837575774,-0.07242193234829651,0.0,1.052702535275302,0.6235771683573825,0,0.209386555556741,26.842520016461318,1.4823615378374955,0.8331615652777067,,,6.890087854748905,-1.0973527005068708,,,2,27.79,0.5104607008448178,0.08778595558361052,,,-0.0005828478733470033,1.0316301003644497,-0.8674613828985078,,,0.14184471776987068,2.253231228796336,0.9,GAUSSIAN,"(1160695387, 71)",2.230670292011862,-0.0005828478733470033,0.14184471776987068,-0.23113559736993727,-0.23660565734392963,24.9240168934782,3.534834127403274,27.79,2.253231228796336
planck18,,2.3,15.0,27.79,460,0.2,10,20.48,1.2466930924487478,0.00228449100618889,0.03459254460667514,0.5193753870760499,0.3309797722886308,47.72953012922031,3.7275792025037555,27.79,0.569649807578305,-0.0010984417276400096,0.023901756027790412,0.0,0.010777446201219176,-0.2615701554160426,1.6111545011366868,-0.049371735297101635,0.1680980830250543,0.0,0.8922302343828,0.569649807578305,0,0.10234738716201834,24.643665766141805,0.5824128007733091,1.534841123648031,0.6241382332784997,1.0944623994268607,1.6390599778338613,5.628492615277095,-0.9468567384556379,-1.58661801312673,4,27.79,1.098364615591396,-0.8009724756789559,0.31294850734082613,-0.42190252663449507,0.07407399922344188,1.3058697237684451,-0.9660074669326267,-0.3966733776095212,0.2623118152337202,0.09335743815926317,1.9091136418481631,0.9,GAUSSIAN,"(1160695387, 72)",0.8018269355559627,0.07407399922344188,0.09335743815926317,-0.023340979330546255,-0.4448451992316114,24.353809181033636,1.776630652866418,27.79,1.9091136418481631
planck18,,2.3,15.0,27.79,460,0.2,10,20.48,1.5108538956845754,0.008953642748647232,0.03681346404775525,0.02196789344043515,-0.26370854078751427,48.16622535652186,1.706944369827239,27.79,0.3815330047426197,0.010657411894049269,0.027272492119714737,0.0,0.01234747593953201,-0.1161027392903702,2.10330296091647,0.2391476886257799,-0.03399605325235854,0.0,0.8790718745522113,0.3815330047426197,0,0.17227044924848522,26.87752576880315,1.235423852038421,1.4236584840934547,0.7660286882418306,1.2538837522069533,2.510423968859842,7.029386964959074,-2.833724852027753,-1.7829980967725438,4,27.79,1.3313763748909424,-0.832758377618172,-0.38486756256096977,-0.3337229170528915,0.17486189189483275,-0.04460014772946211,-0.2834222577518812,-0.6332713262500903,0.6151154154184302,-0.024823538745862905,1.8627347019736304,0.9,GAUSSIAN,"(1160695387, 73)",1.0940675171006813,0.17486189189483275,-0.024823538745862905,0.029666117086380107,0.23564158961204457,26.584494753690272,1.1134881381471482,27.79,1.8627347019736304
planck18,,2.3,15.0,27.79,460,0.2,10,20.48,0.8250119374271043,-0.048027864706259756,-0.13067729518137441,-0.5475413546970617,-0.16008345977070626,49.4494355228678,2.9762173700891488,27.79,0.3399785511776341,-0.04562614079632263,-0.12796561791802627,0.0,-0.3217700073741195,0.17963644651165456,1.781665709161476,0.010824237003384697,0.10940473998051627,0.0,0.5253258971820622,0.3399785511776341,0,0.09050175664820219,23.57697796344138,1.0981376814742114,1.020144661901216,1.0280133935997455,0.8222646410680476,2.9727865953934938,4.960145633475316,-2.9095662753139684,-1.3703791607930955,4,27.79,-0.7486122221048767,0.4475780892052123,0.15307806983063427,0.005966125455792766,-0.11631292686276247,-0.04206902060563761,0.028226923654611418,0.2838175087146378,-0.44727584205569587,-0.07145060900881903,1.9371141833090755,0.9,GAUSSIAN,"(1160695387, 74)",1.2615442522064413,-0.11631292686276247,-0.07145060900881903,-0.1292446415128291,0.02878715006496976,26.07242096712112,5.138174963434176,27.79,1.9371141833090755
planck18,,2.3,15.0,27.79,460,0.2,10,20.48,2.4965327602839684,-0.15536086328864476,0.005614380940012844,0.2207470594283667,0.0026122801725709283,51.01609866496661,3.7742663380205537,27.79,0.7194311061165022,-0.15512288089062112,0.006089350700275978,0.0,-0.40325178454105565,0.15413408765099737,2.0033935766523214,-0.10486161923560565,-0.08760402016785854,0.0,0.5742020977952278,0.7194311061165022,0,0.2565390204318035,24.562339959319612,1.3426686421422298,1.174457375681421,,,3.6302147534316838,-0.4518066647455029,,,2,27.79,0.552729169286527,-0.2553560342728594,,,0.031082649335668316,0.22144143748420345,-0.18252711703238086,,,0.18255399168326636,1.9504984716286942,0.9,GAUSSIAN,"(1160695387, 75)",0.27743235802212735,0.031082649335668316,0.18255399168326636,-0.0024904504301618397,0.0038461116477192282,24.714672276515607,5.133561088153233,27.79,1.9504984716286942
planck18,,2.3,15.0,27.79,460,0.2,10,20.48,1.6195554753325752,0.00014959074796271673,0.006867692534379762,0.2859424622792302,0.22759299479839432,51.173954737919225,1.0643695401858093,27.79,0.7453632375988004,0.0071515390820625835,0.005795933875669977,0.0,0.3022409456475064,-0.15722879606739273,1.5557985621738573,-0.15983302049311382,0.0021460990947265437,0.0,0.8528549021413304,0.7453632375988004,0,0.0734819412171325,25.97423784742317,1.0984105708410985,1.180106719937679,0.6283904932589757,,3.236840532665401,4.126623684334126,-0.7981375161054173,,3,27.79,-0.2281576461655273,0.17147442083164793,0.3957095157202298,,-0.014787733277966952,-1.6558626302947415,1.370035521515021,-0.010645034814128132,,-0.06433440202364366,1.830434584891043,0.9,GAUSSIAN,"(1160695387, 76)",0.6288012153835876,-0.014787733277966952,-0.06433440202364366,-0.21915780122539452,0.35719696770386894,25.301732323586585,2.385501618092319,27.79,1.830434584891043
planck18,,2.3,15.0,27.79,460,0.2,10,20.48,0.11976589168750529,-0.03335889286173216,-0.11603812324080083,-0.12049860722408486,0.22735415729029132,49.262583221720334,7.924270109068692,27.79,0.6733344866220236,-0.035736853211254374,-0.11238796081075024,0.0,-0.1712202945227912,-0.3198929178521068,1.9806832464753485,-0.11693360947740222,-0.032548056865242744,0.0,0.8792261754370588,0.6733344866220236,0,0.3013790553062056,23.348857547726553,0.63607668898592,0.8842968193130176,,,1.4058756959036813,-1.2547918422657165,,,2,27.79,0.5164885278059862,0.10041522714444412,,,0.052599857626635105,1.0079918345490186,-0.6702830640182512,,,0.17575429658237157,2.605091827376166,0.9,GAUSSIAN,"(1160695387, 77)",0.4818623222259745,0.052599857626635105,0.17575429658237157,-0.30452786201881726,0.05797209000511521,26.431018843453217,1.227109094934832,27.79,2.605091827376166
planck18,,2.3,15.0,27.79,460,0.2,10,20.48,0.6259333534450142,-0.11933820858256898,-0.021067240948373908,-0.09140503200591193,0.09772816906975026,51.978942886165704,3.069431261981755,27.79,0.6565153120722016,-0.12639640336703284,-0.023647085689882198,0.0,-0.29234579258132687,0.0622968761339696,1.7664157904173186,0.10213505758301039,-0.014692760770615156,0.0,0.7891009559600844,0.6565153120722016,0,0.27998552410484195,24.018328129920903,0.7694720835760288,,,,1.6236397810307588,,,,1,27.79,1.2888932386869527,,,,0.15234828708557652,-0.14827855765152315,,,,-0.0499775101593436,2.3052377830411697,0.9,GAUSSIAN,"(1160695387, 78)",1.26667230397342,0.15234828708557652,-0.0499775101593436,0.03151908827594964,-0.26745298485386493,24.951823976973422,3.5375788392071335,27.79,2.3052377830411697
planck18,,2.3,15.0,27.79,460,0.2,10,20.48,0.18413181651544042,-0.059048177978190286,0.024278761320024926,-0.09313335812270965,-0.053490376441157374,50.178865867722976,2.3382973959373334,27.79,0.4814809272040243,-0.054357571232955,0.019652050106357163,0.0,0.1535655658051108,-0.009169023632747601,1.9811142398479198,0.17146005484942592,-0.03715477099776274,0.0,0.6328442814150875,0.4814809272040243,0,0.1996276133193137,24.993248188247886,0.6890040826248698,1.0769207794307334,,,2.3852666606334894,-2.511377714286684,,,2,27.79,0.8544200261612352,-0.43485086357528063,,,0.12530002653796596,0.17238341209230112,-0.20794391951689337,,,0.10668268587760382,1.7803676468635754,0.9,GAUSSIAN,"(1160695387, 79)",0.9474987432457083,0.12530002653796596,0.10668268587760382,0.2151090352085371,0.1903140959874335,26.439959209451544,3.4266329588679487,27.79,1.7803676468635754
planck18,,2.3,15.0,27.79,460,0.2,10,20.48,0.3422391747229029,-0.08656968524529346,0.0366117598546389,0.005508195945061693,-0.21389529577521751,47.28192889345331,4.126199951662244,27.79,0.4032222839205331,-0.09621999147707629,0.030461746847663625,0.0,-0.05646888172947875,0.11066866477091836,1.9117603857668373,0.020743587552889724,0.051182460020003255,0.0,1.0884308749898615,0.4032222839205331,0,0.15200434183315945,25.260669427930917,1.7522791938865785,1.5506446933019236,,,16.392755054289974,-5.2541632561145555,,,2,27.79,0.5628235886639879,-0.028026285939332738,,,-0.0762050989654667,-0.9749203470316243,0.8960115437399168,,,-0.12021912126066892,2.3882241151207855,0.9,GAUSSIAN,"(1160695387, 80)",0.6327880332594575,-0.0762050989654667,-0.12021912126066892,-0.47241217381885287,-0.5974533554503971,25.951059749995814,2.7427382720127493,27.79,2.3882241151207855
planck18,,2.3,15.0,27.79,460,0.2,10,20.48,1.3259346255954438,0.08122133688795803,-0.07529193209195946,-0.07715461652736091,0.10547553418052559,50.21155599013837,2.089026443890531,27.79,0.5424952338703785,0.07710885900200634,-0.07339226139474402,0.0,0.15708859061016067,-0.17963836889432966,2.0623459600747145,-0.20002447343366872,-0.0354695963868234,0.0,0.8985275391223233,0.5424952338703785,0,0.22487785266927038,24.836561027184082,1.088366180351995,0.8366138265665428,0.8562730704797936,1.1362850400370426,2.0859755577757526,2.921797318925655,-2.3435330771121508,-0.750749083977135,4,27.79,-0.12973364046961813,-0.4405370284567362,-0.7552598316352236,0.6014579501271543,-0.0855474144025754,1.2297820805694082,-0.8935510347324523,-0.23133571790858415,-0.27098412934219523,0.08189130291029123,1.8707693353547759,0.9,GAUSSIAN,"(1160695387, 81)",0.9530481151218428,-0.0855474144025754,0.08189130291029123,0.0874659477200533,-0.008116154150471577,25.90941234652343,4.548792219738672,27.79,1.8707693353547759
planck18,,2.3,15.0,27.79,460,0.2,10,20.48,1.1560396971605298,-0.0032566184756689966,-0.02206306954562926,0.37710253689077894,-0.09813877854666077,47.46323085690452,0.6508113730246738,27.79,0.1801858485231378,0.00253000977665796,-0.015746129177098875,0.0,-0.3254778492310016,-0.07528580877585334,2.0976993846135774,0.0380329280181454,-0.1687894979968558,0.0,0.7757310726481699,0.1801858485231378,0,0.16235905468319128,25.987028115248123,1.1226510921000354,0.851622070067395,0.8496623598487046,1.169832689387113,2.056108097569998,3.0503372760677867,-1.997267530448539,-1.376142661691222,4,27.79,-1.007673272013872,0.7200788161068606,0.3772908267437945,0.11413088812287712,-0.14812338344538448,0.3731961875701736,-0.13547416141403207,0.4804578511615624,-0.6270689269956112,0.04478500122952872,1.7782503930786622,0.9,GAUSSIAN,"(1160695387, 82)",0.5721974096705866,-0.14812338344538448,0.04478500122952872,-0.1457199745360662,0.2877289744060426,25.6371428735945,4.321918903076197,27.79,1.7782503930786622
planck18,,2.3,15.0,27.79,460,0.2,10,20.48,1.605875534891426,-0.06408430618771956,0.15182764204600602,0.03585077524416726,-0.11182401482538921,48.900977813543825,2.9212629837927038,27.79,0.3483277949611824,-0.06588195694269038,0.14562026085086002,0.0,-0.21116337998374768,0.31340099014843176,2.103811299307397,0.051813401538429976,-0.09234316557661723,0.0,1.00381357202227,0.3483277949611824,0,0.21230217197622156,25.776311636249403,0.4883286811668226,0.5815847384312591,0.5667191604120283,1.5646201463845644,0.9706118158277702,1.2270486349285912,-0.7515306484510017,-0.7584055432393328,4,27.79,0.7434061191478926,-1.2291821488727548,-0.5577550199641356,0.21715334937400602,-0.13734264144809138,-0.764945035191033,0.30534887930424603,-0.6947510776492577,0.6922652288612754,-0.05429367762227569,1.8782233976861689,0.9,GAUSSIAN,"(1160695387, 83)",0.36433777362305975,-0.13734264144809138,-0.05429367762227569,-0.1591820767622187,0.007710392774863514,25.910168820947263,0.8270918445460591,27.79,1.8782233976861689
planck18,,2.3,15.0,27.79,460,0.2,10,20.48,2.3409254685817285,-0.036970860338932696,0.07164692779395997,-0.1525467587479313,-0.3773084001510584,50.689988287558826,3.5255366390835743,27.79,0.6310479626760868,-0.038326860845348046,0.07293086325497902,0.0,0.22127361018023123,0.07237431400918465,2.0414155947921273,0.20260421606969714,-0.1346736319447199,0.0,0.9412240384146082,0.6310479626760868,0,0.16642220664798776,24.184653313314826,0.7642046930413077,0.7013958083076255,0.9444799029943368,,2.1620193687744225,-3.366779131678171,-1.3765551536808562,,3,27.79,1.1866056914707692,0.23057220384492758,-0.5752876031814855,,0.10506952358979754,-0.32383702835436623,0.9004435266751981,-0.37237212627341715,,0.15739285350215165,2.129721797846116,0.9,GAUSSIAN,"(1160695387, 84)",0.31472749348536366,0.10506952358979754,0.15739285350215165,0.34778041851924313,-0.3632585589416146,24.65618589156162,6.8409990286262214,27.79,2.129721797846116
planck18,,2.3,15.0,27.79,460,0.2,10,20.48,1.6308606287312708,-0.047287296437696996,-0.037008915321699025,0.034636848922802436,-0.0013956574708121083,50.35937352762406,5.425316833623606,27.79,0.627548370560612,-0.0425682763068903,-0.03341641276360254,0.0,0.05062526053927702,-0.3082727971499965,2.0997580201236232,0.11822164000577569,-0.21954343766184778,0.0,1.1489887845193367,0.627548370560612,0,0.1852330565529931,23.30157361821979,0.4352770976900242,1.0093898090375044,,,1.3769845938815932,-5.928592455913172,,,2,27.79,1.4416504720484473,-0.8704516410137407,,,0.13434672845125045,-0.4519651661692769,0.7128239890007535,,,-0.08830144106268759,1.9264357667734586,0.9,GAUSSIAN,"(1160695387, 85)",0.3135996224937329,0.13434672845125045,-0.08830144106268759,0.1684776520798454,0.10653202662326233,24.745762031203768,1.5592853581486625,27.79,1.9264357667734586
planck18,,2.3,15.0,27.79,460,0.2,10,20.48,0.5457442950105403,-0.0964613828677772,-0.014036300423182518,-0.24837177008519046,-0.2514303457915475,49.380521935256006,6.468318942912277,27.79,0.26056402843288734,-0.09860734638064819,-0.017096784858427288,0.0,-0.22286759416826588,-0.040992542049649215,1.8828653289968418,-9.031469012241091e-05,0.10129893219649085,0.0,1.0001599539393504,0.26056402843288734,0,0.15728419969874313,22.348603295901622,1.424696972611291,1.3796718671755992,0.7871380886898471,,4.651431817424633,6.184376552086276,-1.0981042521294202,,3,27.79,0.8764052536935016,-1.190506848249937,0.046736894995354786,,-0.10854005679380362,0.7804360368277308,0.01950294781572537,-0.6846671726500405,,0.13987346945340884,1.8864639043338522,0.9,GAUSSIAN,"(1160695387, 86)",1.8038723003761676,-0.10854005679380362,0.13987346945340884,-0.0384664974907685,-0.1048154627707361,26.349220341486557,2.9198440169168833,27.79,1.8864639043338522
planck18,,2.3,15.0,27.79,460,0.2,10,20.48,2.117731669152511,0.012371168644554197,-0.09649672183266571,-0.028062118600504213,0.04238006729875941,49.78743081517213,1.4446189834920773,27.79,0.2982209003430707,0.027180204215417163,-0.10259135185896079,0.0,-0.10684608719184788,0.34592621312134153,1.7236259299564405,0.13655546072700267,0.08905799454230813,0.0,0.8609301548847242,0.2982209003430707,0,0.22171843532247565,23.349844318042553,1.5486453321122537,1.0604396312087419,,,3.9035324009146386,-1.478975400303359,,,2,27.79,-1.3931326265552972,0.328089796058539,,,-0.18958266096598475,0.05176429729007676,0.1887092024712366,,,-0.14920599376680121,2.464990291899336,0.9,GAUSSIAN,"(1160695387, 87)",0.02288229401069053,-0.18958266096598475,-0.14920599376680121,-0.24264363889430574,-0.31523028429370714,25.82735834007487,3.5966604603891863,27.79,2.464990291899336
planck18,,2.3,15.0,27.79,460,0.2,10,20.48,0.8881069420321095,-0.01492386402772672,-0.03508657342733888,-0.13372110863370684,-0.24314061699228548,50.357257782122495,1.2084850621651282,27.79,0.45637881015159987,-0.010604656403536918,-0.031880075281230394,0.0,0.0006795407755329386,0.13419395123087696,2.064417824276733,0.20774552914268574,-0.15036624705789217,0.0,0.7357507348348908,0.45637881015159987,0,0.181649529043878,26.618499335990457,0.8303869846548704,1.2002452263970003,1.1709396487138872,,1.5366087380424767,3.8321535062609926,-1.0463500007100188,,3,27.79,0.9889716186598941,-0.8357290264138068,0.06004701697446334,,0.0691794911414848,-0.6102647861378028,0.05613875863544182,0.4483600761976462,,-0.19507027474914232,1.764556512259927,0.9,GAUSSIAN,"(1160695387, 88)",1.104629102667845,0.0691794911414848,-0.19507027474914232,0.009146327564745682,-0.5361702259413095,25.773514438489816,3.378098434300455,27.79,1.764556512259927
planck18,,2.3,15.0,27.79,460,0.2,10,20.48,0.0339306628106083,0.06890288832112287,0.04708676518584394,0.09169172658467148,-0.04526442730649671,48.90491891865061,3.664928537984945,27.79,0.770638436002517,0.06427690641959022,0.039624445907477414,0.0,-0.05661752660659176,-0.12184609583346945,2.101317047665645,-0.1459084087412336,-0.10977549746860739,0.0,0.8791729458131319,0.770638436002517,0,0.12631220281608105,25.606504790453776,0.9085190965444813,0.8971948083807345,1.2933504239795939,1.271485177464984,3.635188041009186,19.70468671664842,-28.338839276359582,-2.801693236633006,4,27.79,0.22392006173557064,0.7878819314803074,0.8847437238789454,-0.5923907214243034,0.1724714652930669,1.072253841082599,-0.5805060160431332,-0.35552775464363084,-0.17330668222342321,0.10480657544023037,1.84505769266467,0.9,GAUSSIAN,"(1160695387, 89)",0.13787611873585437,0.1724714652930669,0.10480657544023037,-0.3517105083883189,0.1583464898419652,24.827684922601247,2.936455163330011,27.79,1.84505769266467
planck18,,2.3,15.0,27.79,460,0.2,10,20.48,2.245128831029473,0.005848153900107896,-0.06744568886716606,-0.11717220715278748,0.07209843871302073,50.415985261039935,4.6202718009361465,27.79,0.42726025658350353,0.009019718937564855,-0.06559270613954903,0.0,-0.19273762978339443,-0.15303350766291854,1.9452400199937112,-0.10450324025666487,0.12612371187956875,0.0,1.15101256403127,0.42726025658350353,0,0.1387777746450893,26.541063941510615,0.8909792430100926,0.8884315660341271,1.0893914337829902,1.6237705134846032,2.5458462906403008,2.783963216211719,-2.6468506312716085,-2.1987538542160983,4,27.79,1.1757104369854503,-0.7190500648050704,0.5760346159309206,-0.5336119207669979,0.13573511550864265,0.7176842187866235,-1.238209269278833,-0.9821362568878228,0.5551944085996153,-0.12218315592816342,2.830138871093254,0.9,GAUSSIAN,"(1160695387, 90)",0.43617387683406433,0.13573511550864265,-0.12218315592816342,-0.3540159981934797,-0.3180486876526732,24.219773092125237,7.178177254360257,27.79,2.830138871093254
planck18,,2.3,15.0,27.79,460,0.2,10,20.48,0.6282769116703468,-0.047551726733006824,0.1303441061488304,0.36633472049313764,-0.04101039755210098,49.48579939991705,0.7124466426631151,27.79,0.5112429013533175,-0.04549625095903172,0.13832221214164842,0.0,-0.20234883615424012,0.1251700196133713,2.052245842971382,-0.06428113509257057,-0.13749866431953447,0.0,1.2775557243967894,0.5112429013533175,0,0.30737369380133006,23.470901318558226,0.8966163902295394,0.8163034214688328,1.2991345064913542,1.0185054231296347,1.8262304725061298,5.1889098749702205,-6.218399583208317,-1.7140617772343245,4,27.79,1.2632907470203332,-1.1066977473418815,-1.0682338722357363,0.09155272568355859,0.16206922461898604,-1.1227400532621685,0.6015219905087864,-0.12604304955061266,1.1525093812440999,-0.08838279660131061,1.9224857486931604,0.9,GAUSSIAN,"(1160695387, 91)",0.2292470819481115,0.16206922461898604,-0.08838279660131061,-0.18025970570406624,-0.2953348450164572,24.38141895021173,5.169500833241274,27.79,1.9224857486931604
planck18,,2.3,15.0,27.79,460,0.2,10,20.48,1.2161616648651332,-0.09387041546395385,0.025785974641623906,0.07217136264602127,0.17788493368332506,51.69427378962601,5.548884923559353,27.79,0.256044323634017,-0.0954755140779541,0.017974762379120872,0.0,0.00898460359214605,-0.009350291134886215,1.9600152149614816,0.21516474541393155,0.01807941174391385,0.0,0.7445310222747615,0.256044323634017,0,0.1285849008520665,25.734369886916127,0.3734577308008685,1.3647182166174194,1.0991699113210072,1.2823449586974074,0.9489070330983285,6.334264271422889,-3.06961170804748,-2.8263897723120204,4,27.79,0.9960836568238198,-0.9106381655410032,-0.40527217334322874,-0.29355870280230656,0.029032924515553005,0.11635921849096463,0.04202908462251316,0.5672495445689466,-0.5372259918872111,0.050095245659150134,2.221894773566828,0.9,GAUSSIAN,"(1160695387, 92)",1.366322729238945,0.029032924515553005,0.050095245659150134,-0.14868909562426216,-0.10615425634113117,24.882918150056167,3.898942335269278,27.79,2.221894773566828
planck18,,2.3,15.0,27.79,460,0.2,10,20.48,0.5692536014784118,-0.11093956574677756,-0.10529867507481463,0.08734609735270658,-0.13714898102049097,52.896111330783434,4.629611475973522,27.79,0.6229428836198689,-0.10369492135595716,-0.10998829578140078,0.0,0.15552867688595756,0.08403045673344833,2.231270132525435,0.09410617647167822,-0.1394535465520074,0.0,0.7526560872112595,0.6229428836198689,0,0.24028303541860532,26.911901790446304,0.7457284385709859,0.5777601043340657,,,1.3952708813007917,-0.6503277047749826,,,2,27.79,0.8673623435869678,-0.6509245654805269,,,0.1261996438732173,-0.6196255957878912,-0.23703258457622692,,,-0.17987696430547265,1.5770602956139812,0.9,GAUSSIAN,"(1160695387, 93)",0.803714763274422,0.1261996438732173,-0.17987696430547265,0.06891027080094489,-0.14652011780631644,24.40051862637572,1.7041070594237533,27.79,1.5770602956139812
planck18,,2.3,15.0,27.79,460,0.2,10,20.48,0.9696026041267398,0.02310047521382333,-0.06931611134180563,0.006308278318078099,0.10960169459173892,50.754278150182294,2.0299961345134125,27.79,0.3747533286182473,0.013139172493915491,-0.08573415983683098,0.0,-0.15286792004110752,0.029499160480274258,1.9207618814348106,0.09202251949230551,0.2261247040888548,0.0,0.8424750616312922,0.3747533286182473,0,0.07362904640475323,25.64538453414821,1.1321603917631222,0.6694947285857349,1.3791638896099012,,2.842455156366919,1.829984398240677,-2.2791654097653344,,3,27.79,1.1118585133831893,-0.9585831422596978,0.19967917814729041,,0.07601444773631671,0.36119959581970706,-0.6413683557529976,-0.751217327178413,,-0.12404781585744057,1.9034222556053508,0.9,GAUSSIAN,"(1160695387, 94)",0.08083727383771311,0.07601444773631671,-0.12404781585744057,-0.035639065094233584,-0.3383843417407517,27.096965046727657,3.6774255220460788,27.79,1.9034222556053508
planck18,,2.3,15.0,27.79,460,0.2,10,20.48,1.4574382573611913,-0.1012497696936545,-0.06910101966514322,0.05532945965022511,0.2616575640420405,50.82060085867555,4.020641069873172,27.79,0.857518768509416,-0.11456286791015288,-0.07388129506588584,0.0,0.17912229733873347,0.17190007501543425,1.807798953766981,-0.2894095634608651,0.2630701067606502,0.0,0.9065082592752569,0.857518768509416,0,0.21232564445623456,26.60889648070944,1.2256394720803232,1.7101059084151378,1.3413597521882268,0.8773966789965632,2.842434496228711,4.461576261565653,-1.9498990927153834,-0.5381230017167692,4,27.79,0.5620075198650363,-0.19951472205436344,0.6345547658432453,-0.48121826299836007,0.09037464115442717,1.6282464847454006,-1.5952959775121827,-0.21043626418929864,-0.08205029815328528,-0.018358356813659882,2.2403669859639463,0.9,GAUSSIAN,"(1160695387, 95)",0.8396144923184321,0.09037464115442717,-0.018358356813659882,-0.2581228233783817,-0.0549251746189907,25.972732716307636,4.748171130586429,27.79,2.2403669859639463
planck18,,2.3,15.0,27.79,460,0.2,10,20.48,0.6154577707775485,0.05988189286313331,0.00044566532393933156,-0.2500282191947629,-0.2907166111145498,47.29482579736104,0.9523529009282101,27.79,0.7084256707001304,0.06592771357447519,0.005144914676022963,0.0,0.12151082936682642,0.3384432354965459,1.96342399837648,0.0666516278406167,-0.060421104878539404,0.0,0.8458180797954301,0.7084256707001304,0,0.05945860482160429,22.25438285775602,1.3722044090038723,0.6980728278825019,0.9988486108442561,0.8785152852617878,3.187977652154996,1.789687655410981,-1.2840240144381727,-0.9279429853008194,4,27.79,-0.6026749105582052,0.802752530706345,0.6331314176351024,-0.3828844584261326,0.06428470582984436,0.7667319967666842,-0.5853582240339582,0.4283248267441997,-0.4323670388341615,0.06458081471028498,2.673858615966947,0.9,GAUSSIAN,"(1160695387, 96)",0.5353666949381586,0.06428470582984436,0.06458081471028498,-0.018635223210648297,-0.0017173705207768058,25.529681136921887,1.1763590342473842,27.79,2.673858615966947
planck18,,2.3,15.0,27.79,460,0.2,10,20.48,2.2870722623741755,-0.11838476355355924,-0.04696545007431238,-0.15853529056041085,-0.07346622485611819,48.83495002584867,0.9333565024937212,27.79,0.6597939612996171,-0.11390587387000756,-0.04983423993953398,0.0,-0.09851523922739368,0.061836712599629355,2.020551717082197,0.07687511125890255,-0.12926919272603354,0.0,0.6583752234426947,0.6597939612996171,0,0.26241753247536137,24.40438730593502,0.7625030319821049,,,,1.4726231931262428,,,,1,27.79,0.9068192808756714,,,,0.14611966869560788,-0.3758936574794173,,,,-0.08518503291387414,2.2666158319466336,0.9,GAUSSIAN,"(1160695387, 97)",0.687250719353605,0.14611966869560788,-0.08518503291387414,0.25097107420600756,-0.24131194523633936,26.358328201138566,1.4198197628548974,27.79,2.2666158319466336
planck18,,2.3,15.0,27.79,460,0.2,10,20.48,2.417498927590275,-0.011869973502388723,0.17824230680152595,-0.1455855905833084,0.5893166094637524,48.129167225394966,0.8129338583742998,27.79,0.3721131929290775,-0.030053153274426977,0.17896923478278978,0.0,-0.37474167364929245,0.17279118228043533,2.098233277105388,-0.31517137686107294,0.18562680628083786,0.0,0.8699877695609773,0.3721131929290775,0,0.18786526581655735,24.360847654365447,1.3419337465985288,0.9482942852849122,,,5.18751370252941,-5.756333868118264,,,2,27.79,-0.35532308243336835,-0.31156381660835636,,,-0.07147205846450277,-1.0791890135790672,0.8892493344119816,,,-0.004273315933961769,1.535899120513929,0.9,GAUSSIAN,"(1160695387, 98)",1.013066317941897,-0.07147205846450277,-0.004273315933961769,0.2180190612064982,-0.2934380068612599,24.31894565617368,2.289651114614446,27.79,1.535899120513929
planck18,,2.3,15.0,27.79,460,0.2,10,20.48,0.9447114846025917,0.0892698735539929,0.0551319152223792,0.245907251600378,-0.2746912783859168,50.34045814776653,3.140901817570107,27.79,0.5755840524817811,0.0858750441026194,0.05492607350805781,0.0,0.13071616295643657,0.2905720390066035,1.9075021711270703,-0.0013164304975367997,0.2592217111353484,0.0,0.8853990105897946,0.5755840524817811,0,0.0973950014951924,24.948969088853076,1.2000526253488728,0.9118943086933139,,,4.89230655872761,-3.0015584669357422,,,2,27.79,0.761373049955842,-0.6301712120431796,,,0.17324511796440312,1.0648820372783099,-0.1429486315111391,,,0.09796392324099623,2.1681965594690733,0.9,GAUSSIAN,"(1160695387, 99)",1.411364346995104,0.17324511796440312,0.09796392324099623,-0.1481222185688857,-0.11560023792406382,26.510250722957522,4.061587445101339,27.79,2.1681965594690733
