cosmology_parameters_cosmology_name,detector_parameters_background_noise,detector_parameters_ccd_gain,detector_parameters_exposure_time,detector_parameters_magnitude_zero_point,detector_parameters_num_exposures,detector_parameters_pixel_scale,detector_parameters_read_noise,detector_parameters_sky_brightness,drizzle_parameters_output_pixel_scale,drizzle_parameters_psf_supersample_factor,drizzle_parameters_supersample_pixel_scale,drizzle_parameters_wcs_distortion,lens_light_parameters_R_sersic,lens_light_parameters_center_x,lens_light_parameters_center_y,lens_light_parameters_e1,lens_light_parameters_e2,lens_light_parameters_mag_app,lens_light_parameters_n_sersic,lens_light_parameters_output_ab_zeropoint,lens_light_parameters_z_source,main_deflector_parameters_center_x,main_deflector_parameters_center_y,main_deflector_parameters_dec_0,main_deflector_parameters_e1,main_deflector_parameters_e2,main_deflector_parameters_gamma,main_deflector_parameters_gamma1,main_deflector_parameters_gamma2,main_deflector_parameters_ra_0,main_deflector_parameters_theta_E,main_deflector_parameters_z_lens,point_source_parameters_compute_time_delays,point_source_parameters_lens_ps_offset,point_source_parameters_mag_app,point_source_parameters_mag_pert_0,point_source_parameters_mag_pert_1,point_source_parameters_mag_pert_2,point_source_parameters_mag_pert_3,point_source_parameters_magnification_0,point_source_parameters_magnification_1,point_source_parameters_magnification_2,point_source_parameters_magnification_3,point_source_parameters_num_images,point_source_parameters_output_ab_zeropoint,point_source_parameters_x_image_0,point_source_parameters_x_image_1,point_source_parameters_x_image_2,point_source_parameters_x_image_3,point_source_parameters_x_point_source,point_source_parameters_y_image_0,point_source_parameters_y_image_1,point_source_parameters_y_image_2,point_source_parameters_y_image_3,point_source_parameters_y_point_source,point_source_parameters_z_point_source,psf_parameters_point_source_supersampling_factor,psf_parameters_psf_type,seed,source_parameters_R_sersic,source_parameters_center_x,source_parameters_center_y,source_parameters_e1,source_parameters_e2,source_parameters_mag_app,source_parameters_n_sersic,source_parameters_output_ab_zeropoint,source_parameters_z_source
planck18,,1.5,1400.0,25.1152,1,0.04,3.0,21.9,0.04,1,0.04,,1.3093121991350096,0.01723684950043398,0.057160557033643436,0.15340173910403973,-0.10842422462443278,21.32093494562142,1.3911745429604652,25.1152,0.7029662729414545,0.017818512657926708,0.05300119042073034,0.0,-0.02810482848461743,-0.1199053561528243,1.9758881473593894,-0.005349154904122568,0.04420491819368556,0.0,0.6651152296003546,0.7029662729414545,0,0.15742670273330384,22.391529518847733,0.7501321318505026,0.8826249783506832,,,2.1221337515164533,-8.975998084371104,,,2,25.1152,-0.6603268282949093,0.5478233516253589,,,-0.10778141684722359,-0.5201468567701453,0.17517089792988164,,,-0.04190836885430413,2.2338728981695217,1,PIXEL,"(1460283470,)",0.9443398758011878,-0.10778141684722359,-0.04190836885430413,-0.03834381425683301,-0.02436715625433315,23.574636664538737,2.0461566943915397,25.1152,2.2338728981695217
planck18,,1.5,1400.0,25.1152,1,0.04,3.0,21.9,0.04,1,0.04,,2.0278915481283426,-0.006994217630672364,-0.017880334785873215,-0.4843962698227715,0.15623241965449602,17.21890179737777,3.8085594095878004,25.1152,0.5467961014618652,-0.012934775675154053,-0.018439979512793112,0.0,0.04414139595648021,0.13328572188780632,1.9148897601425448,0.0040893229504115084,0.16959992025414128,0.0,0.796350368577797,0.5467961014618652,0,0.14510896049577587,19.79708184875969,1.2836975497102292,0.9704089079803078,,,7.445876635856334,-2.7894901361920947,,,2,25.1152,-0.9510089804946534,0.5578154459421825,,,-0.15620016430609296,-0.43598956579642306,-0.16039013914130026,,,0.004617315137505462,1.9116092092985273,1,PIXEL,"(1460283470, 1)",0.8879026652457741,-0.15620016430609296,0.004617315137505462,0.17268157601304268,0.16828348544740732,24.583056698196913,2.51846232966406,25.1152,1.9116092092985273
planck18,,1.5,1400.0,25.1152,1,0.04,3.0,21.9,0.04,1,0.04,,1.2082932386304852,0.03049178293100084,0.11122347704536825,0.03049912284994668,0.28534726885897777,17.730376447448172,6.074967509141023,25.1152,0.7010510511773523,0.030238043841642987,0.10872493527280228,0.0,0.18200159429851326,-0.448996378650825,1.7228907651659287,0.04656080996125873,0.1490098542659777,0.0,0.8778792720172415,0.7010510511773523,0,0.14828548133811295,22.206628746743913,1.1549208622438663,1.016683121807661,0.8436816497566676,0.9452098323970705,2.313660477326134,2.6836959463081356,-0.7926626737523501,-0.5737519705487879,5,25.1152,1.1518362838383402,-0.5924544242490029,0.3763863349851792,-0.2715449261581366,0.16224655355947776,1.2086814714340937,-0.7617289206622538,-0.2830851278098508,0.25931698138387216,0.17627001161262273,2.3263273349893407,1,PIXEL,"(1460283470, 2)",0.8956673207397523,0.16224655355947776,0.17627001161262273,0.05238366509516938,0.258952967239746,25.597679223259757,5.726694846807636,25.1152,2.3263273349893407
planck18,,1.5,1400.0,25.1152,1,0.04,3.0,21.9,0.04,1,0.04,,0.45887391613194983,0.07683532846229263,0.11502410936507515,-0.4506426609201577,-0.1669650263776952,21.032388041209444,3.575195057011337,25.1152,0.5402742284840043,0.07375206094625007,0.11387268720776217,0.0,0.2676890652413481,0.33425227445559874,1.7443977767198129,-0.15589284307853735,-0.034035535041446144,0.0,0.7310117248259815,0.5402742284840043,0,0.2717308044039369,20.562278156146853,0.6865559681531788,0.6227130530312653,0.5449952990327402,,1.393275336346426,2.225337076367056,-1.1909727740535057,,3,25.1152,0.16772054498812738,-0.5237033333741397,-0.5778497698000112,,-0.0791194332575027,-1.2356737569441465,0.6992719141100309,0.08067037188499826,,-0.11077801125970882,2.655123918758299,1,PIXEL,"(1460283470, 3)",1.6690690647088016,-0.0791194332575027,-0.11077801125970882,0.12395282223362405,-0.25023193364797347,25.195150272727826,2.508490442236579,25.1152,2.655123918758299
planck18,,1.5,1400.0,25.1152,1,0.04,3.0,21.9,0.04,1,0.04,,0.25421376420093944,-0.09084968043337541,-0.10389533632608917,0.11983448537471222,-0.03691732649088386,19.742574741370394,4.154539396611663,25.1152,0.6295480113438909,-0.092875147964012,-0.10445413231199739,0.0,-0.18255737578988862,0.3152431179546464,1.668118371392898,-0.19201524050570581,0.15426143315605334,0.0,1.022242654292287,0.6295480113438909,0,0.0664042524320947,19.176049452261864,1.1359897692344745,1.522856264873838,1.2401806703707705,,6.388964729906441,-6.28310934062454,0.0008124489200541746,,3,25.1152,0.17104513979163116,0.3770629531754769,-0.09229929176858227,,-0.1080233400809839,-1.3764753547882678,0.562742290019415,-0.10266372665318349,,-0.16910749275561754,2.6917596562678456,1,PIXEL,"(1460283470, 4)",0.2641193351700095,-0.1080233400809839,-0.16910749275561754,-0.061264069093698206,0.24680832074834574,24.115344698712168,3.4183624689661043,25.1152,2.6917596562678456
planck18,,1.5,1400.0,25.1152,1,0.04,3.0,21.9,0.04,1,0.04,,0.9159023596494873,0.09316798322816972,-0.10059461791018624,0.041992632588565934,-0.23841397576710108,19.511532970611725,2.0286953024065295,25.1152,0.5174977213075076,0.0897079083997125,-0.0981465289777562,0.0,-0.2552771842690999,-0.1067226873425394,2.2764785871191013,-0.39385356956348155,0.30725037933645133,0.0,0.6345355882188154,0.5174977213075076,0,0.1105579384439286,23.271878845635715,0.9924611274536373,0.9313375651610379,1.2789318338172444,1.239337811763375,1.558900457807015,1.6159049852219043,-0.9533703941237903,-0.7292558455211267,4,25.1152,0.5106483034318116,-0.33028495036271494,-0.36462869030592937,0.431799874963983,0.14973993045450756,0.9974651199100335,-0.9306780815730229,0.06238584762366682,-0.3982098192996274,-0.005306806439480033,1.7145710350820553,1,PIXEL,"(1460283470, 5)",0.27266911849412206,0.14973993045450756,-0.005306806439480033,-0.11360461586305243,-0.16811736034111904,24.026266298512404,5.397945913298423,25.1152,1.7145710350820553
planck18,,1.5,1400.0,25.1152,1,0.04,3.0,21.9,0.04,1,0.04,,1.7993325387498498,-0.048013216483969154,0.026570179550684626,0.26291577545661166,0.2579513812560652,19.73652401336464,5.650322976416349,25.1152,0.6132836102861075,-0.04083173049174626,0.026328754788929907,0.0,-0.04129387360944779,0.04954828917936769,1.8833005357107506,0.00635460419475325,-0.24512098992239867,0.0,0.8555616392474589,0.6132836102861075,0,0.1352226593993209,24.65468455180549,0.79992888310044,1.0233189257122137,1.361725105498004,0.6854876088920681,2.1791732202592606,3.077919344539149,-3.010467915571238,-0.7557493322835847,4,25.1152,0.7182711749557713,-1.0452732466680432,-0.5845597883676227,0.2831510647489856,-0.1003193051395539,-0.9645065644858946,0.6043061767349763,-0.5118959431543392,0.4505570592382123,-0.09510598520562957,1.4911811539388489,1,PIXEL,"(1460283470, 6)",1.0171574128661383,-0.1003193051395539,-0.09510598520562957,0.3663906909376643,0.14398938847829312,26.343045802344918,1.9474321287459173,25.1152,1.4911811539388489
planck18,,1.5,1400.0,25.1152,1,0.04,3.0,21.9,0.04,1,0.04,,1.0538099762616555,-0.004383614961049215,-0.0051920466326326,-0.16853448783166058,0.1910011206395096,19.773678623474023,6.368869986299512,25.1152,0.07121860152649195,-0.008607459683812357,-0.01006269480883721,0.0,-0.30018734379713985,0.18938001351649342,1.9343916207247525,-0.33240361230120763,0.2829430340630628,0.0,0.7461311005310072,0.07121860152649195,0,0.1256990034649896,21.61516185841717,0.9988483577309326,1.0954815584440711,1.4127139253402758,0.7541752390518625,3.2976770707577896,8.281723673831577,-7.909658432447895,-1.4065739124043755,4,25.1152,-0.36872158725938176,0.6140793987943681,0.6454478078533623,-0.33549643512444155,0.043185831521206364,-1.2688712668671265,0.6130390330901028,0.1181992760065046,0.37236516246838147,-0.12459519874655611,2.257356849154036,1,PIXEL,"(1460283470, 7)",1.4859389077839738,0.043185831521206364,-0.12459519874655611,0.1630828090686226,-0.07537683441699097,23.431381156853952,4.188933100649598,25.1152,2.257356849154036
planck18,,1.5,1400.0,25.1152,1,0.04,3.0,21.9,0.04,1,0.04,,1.5593829956903247,-0.05451594082198107,0.15629151918798057,0.3754412543210848,0.13048628383089111,22.240045984672733,3.9811721686110064,25.1152,0.6846379444401273,-0.049540946387839395,0.15373411744367668,0.0,-0.08586579542088282,-0.23818994105639513,2.3338297057422754,-0.1000118049743399,-0.005076031809738701,0.0,0.4817837959139422,0.6846379444401273,0,0.3319632805455915,24.672218165572353,0.828597969967708,1.316374501865985,,,1.28996115378893,-0.6615291031377871,,,2,25.1152,-0.14527775006542235,-0.10262753042786397,,,-0.06362816997189863,-0.6324957314662074,0.4230387317801934,,,-0.1779301250701702,2.2795437438365846,1,PIXEL,"(1460283470, 8)",1.5804400892078518,-0.06362816997189863,-0.1779301250701702,-0.5413711696497289,-0.09891952896668212,25.97225816326842,3.1652903030756754,25.1152,2.2795437438365846
planck18,,1.5,1400.0,25.1152,1,0.04,3.0,21.9,0.04,1,0.04,,0.870209879123842,-0.1191785665611527,0.01322867023482927,-0.031351695835360495,-0.1469076483008269,18.223802784023317,8.473977546546656,25.1152,0.5316289120442687,-0.10938542195765702,0.011993400464487405,0.0,-0.10769283445345595,-0.29984801205583994,1.8034089902346733,0.25759819689805097,0.07272053282887254,0.0,0.7671697641803116,0.5316289120442687,0,0.06448772576699809,24.929983598161613,0.8612272450652878,1.1240120896360586,1.1448571155254263,1.0370012984197468,1.8020961190494915,2.7735014032733103,-1.171099644005348,-0.7891368199290896,4,25.1152,-1.4266555824161231,0.9064129817867506,-0.25398931125129276,0.11878948873051527,-0.167892117344686,-0.327347268138689,0.3988354963121243,0.5102313487568129,-0.35406989688743457,0.039115962465318926,2.2473966576411515,1,PIXEL,"(1460283470, 9)",0.5195114752118368,-0.167892117344686,0.039115962465318926,0.19391699096015205,-0.034786401995731166,23.54050540617304,4.912601878389716,25.1152,2.2473966576411515
planck18,,1.5,1400.0,25.1152,1,0.04,3.0,21.9,0.04,1,0.04,,2.544717465897391,0.022727433513276822,0.011941154608578053,-0.04961763628336704,0.1290171578188304,17.9964531365297,3.946030090972527,25.1152,0.1384187626478079,0.02519690779603043,0.01236588595622409,0.0,0.4878511284666054,0.34608196196938895,2.042406917241601,0.0309091431856254,0.10434131932623565,0.0,0.7323035112344688,0.1384187626478079,0,0.10510752849913052,24.27123148709114,0.7881580017549333,0.7236982766295436,1.0518900379154006,1.4918794450336774,1.6203482319917264,1.7692198769002203,-0.9379889274095317,-0.8921439601229377,4,25.1152,-0.23894825078350795,-0.07381100378740856,-0.5671940004611852,0.5005294207637252,-0.06354853445766814,0.7493779711651398,-0.6705920413710348,-0.21043079082250501,0.10000178992553052,0.06868496821429171,2.077963259855333,1,PIXEL,"(1460283470, 10)",1.1674081969886632,-0.06354853445766814,0.06868496821429171,0.018978389934216636,0.03543168398276498,26.81494041004003,1.255426374738067,25.1152,2.077963259855333
planck18,,1.5,1400.0,25.1152,1,0.04,3.0,21.9,0.04,1,0.04,,1.0156612781044474,-0.14343140980514565,0.001239462661676619,-0.12627298671114146,0.07326087250797915,18.47779052130516,1.5061847731503113,25.1152,0.32853753239007505,-0.14337379107474402,-0.00616862026564948,0.0,-0.2073357847921453,0.18913907750600678,1.9553910195593671,-0.02194782576549567,-0.2743076389805067,0.0,0.3769691508617292,0.32853753239007505,0,0.31800521954341365,21.4888823585972,1.0249194124995535,,,,1.7539618173146894,,,,1,25.1152,0.6121451826497315,,,,0.16455493055929193,-0.22789673043832415,,,,0.0732494006721901,2.336312481673607,1,PIXEL,"(1460283470, 11)",0.7345287491635955,0.16455493055929193,0.0732494006721901,0.04466528700771867,0.08214964719355676,25.326672598699336,1.2312604807005978,25.1152,2.336312481673607
planck18,,1.5,1400.0,25.1152,1,0.04,3.0,21.9,0.04,1,0.04,,1.2404247821983414,-0.08112971753396622,-0.07349830297543404,0.1043486089509263,0.07628894196468025,22.144967527315863,1.13823672108819,25.1152,0.67599760461839,-0.08886130609378198,-0.07824949330336149,0.0,-0.016980748846668673,0.03316687789202858,1.9711120210670863,0.23602393172289773,-0.03684468663263457,0.0,1.0093130376696933,0.67599760461839,0,0.27848378475268065,22.84888610322753,0.9213938931072282,0.6791817374308433,0.9413683922765093,0.8302788954010722,1.9174048987394214,4.877038830914667,-4.928048110863824,-1.5296424208457673,4,25.1152,1.6027115316219394,-0.9987058669913655,-0.6368417266890577,-0.5696131483509363,0.18939936767327592,-0.15958463777713372,0.2941873878498981,0.5924467356054379,-0.6401068661574796,-0.06710427886485171,2.1341901276157222,1,PIXEL,"(1460283470, 12)",0.2588582331655901,0.18939936767327592,-0.06710427886485171,0.09176577821355382,-0.2524951091049168,21.328696467503107,2.2501369307349544,25.1152,2.1341901276157222
planck18,,1.5,1400.0,25.1152,1,0.04,3.0,21.9,0.04,1,0.04,,1.9768150563426072,-0.031789614832875006,0.0777288012927176,-0.0659932125769896,0.1628026450228749,19.48815737357186,4.24672958156328,25.1152,0.45934382760476355,-0.033267994935056416,0.07820506969754465,0.0,-0.19477252558685618,-0.10609413571145007,1.9714692782311647,-0.32636953298427124,0.05196674874842121,0.0,0.9861359210753265,0.45934382760476355,0,0.0605546874980007,21.70321412635368,0.8363273600573692,0.6073462241351953,0.20524907465437714,1.064243303121287,2.341572648112611,1.9730698321556532,-0.4764467664960934,-1.706471238945785,4,25.1152,0.3953491475723421,-0.19791699464726847,0.7180598173340034,-0.7280326164556356,0.02722554208894193,1.4253947673763185,-1.246808402411244,-0.3006031314961701,0.24753926847273008,0.07548437928761864,1.9764322809820676,1,PIXEL,"(1460283470, 13)",0.9133929578774534,0.02722554208894193,0.07548437928761864,-0.19199509505160284,0.06522570886005362,23.504533393297486,5.073377723547242,25.1152,1.9764322809820676
planck18,,1.5,1400.0,25.1152,1,0.04,3.0,21.9,0.04,1,0.04,,1.54046922392196,-0.17913513830605543,-0.04115107143422436,-0.3050870589777809,0.0867924681492556,21.23244850745027,1.114560404909336,25.1152,0.05609464618583643,-0.174980286378111,-0.034656764785176125,0.0,-0.3965075417193022,0.21017274059370172,2.3357314622537726,0.1371185000973157,-0.07093978051271675,0.0,1.022154428330466,0.05609464618583643,0,0.2712622994238691,23.062952010710536,0.9715488628447746,1.3501413223682468,1.0257415877329017,0.8522024233055101,1.3001404907798817,2.763212071218359,-0.8887799384720022,-0.4917628043835882,4,25.1152,1.1989751284009147,-1.0667609885035907,-0.2119534146871067,-0.5316045271602573,0.09603803551308338,-0.2762195268809538,0.3476939319466314,0.8141356992621717,-0.7146720200042734,-0.046159124891075154,1.6409983540437558,1,PIXEL,"(1460283470, 14)",1.2834870056430288,0.09603803551308338,-0.046159124891075154,0.06821184965536395,0.2134523289161103,20.56018473014322,4.485030933471942,25.1152,1.6409983540437558
planck18,,1.5,1400.0,25.1152,1,0.04,3.0,21.9,0.04,1,0.04,,1.1643430968131716,-0.03951773057528053,0.08315474493515776,-0.22856390958962572,-0.1690264770003086,22.015370659562073,6.585175701166611,25.1152,0.6103533275301699,-0.03889441173897605,0.08819283076882257,0.0,-0.09573372855748057,-0.08238771723761498,2.2328302271862692,0.24354803321772603,-0.09773514234298189,0.0,1.0521286883858036,0.6103533275301699,0,0.20196054789478396,24.074086854436374,0.6289979186325376,1.0241224033052245,0.732117186705957,0.8667864476570845,1.1327392630917403,2.466690182133582,-1.30939305427641,-0.5967007710864667,4,25.1152,-1.4886732755152763,1.110549521827491,0.15632400862999887,0.11191832457521797,-0.1448254769423549,-0.052676020716501425,-0.4413259117656432,-0.8975485302516736,0.7998573423428205,-0.08375679072200484,2.3502298207325136,1,PIXEL,"(1460283470, 15)",1.411042263131956,-0.1448254769423549,-0.08375679072200484,-0.15723913163200048,-0.36145419463404205,25.74207696162193,3.949121905450857,25.1152,2.3502298207325136
planck18,,1.5,1400.0,25.1152,1,0.04,3.0,21.9,0.04,1,0.04,,1.9004463491920518,-0.01049504265495393,0.03541107229258719,0.09895618595916586,-0.13971925389263337,20.225586251020168,4.957986350723207,25.1152,0.30572923660647944,-0.009192424782025609,0.028389438863427572,0.0,0.557583536805993,0.09054233140803035,1.9387951679199167,-0.17822071065825096,0.2767511237138698,0.0,0.6684755591700751,0.30572923660647944,0,0.2309906513307505,24.839565042613433,0.6393673940186024,0.828797433660654,1.4235238162887305,1.189957481240493,0.9665176515387672,1.8676636832620979,-1.4106733576541417,-0.3586779748625338,4,25.1152,-0.5017820740640673,0.039732012191141024,-0.3940479087301698,0.25264590976435713,-0.1418185414985383,-1.2565243432499023,0.7025002835317433,0.20867458634251834,0.07677255774465142,-0.16073219968410168,2.2965019459203098,1,PIXEL,"(1460283470, 16)",0.19230683510483298,-0.1418185414985383,-0.16073219968410168,0.25069182926852973,0.1258739151429325,26.16665656140264,5.139792155957982,25.1152,2.2965019459203098
planck18,,1.5,1400.0,25.1152,1,0.04,3.0,21.9,0.04,1,0.04,,1.030141870628191,0.0512077613290142,-0.043081609238534,0.4363907312186006,-0.1622247239405934,21.10019509603999,2.2636810608751614,25.1152,0.8887823425622834,0.05369595767195476,-0.03791639650171517,0.0,-0.07337780838420767,0.15561824026023838,2.0801076473123152,-0.2793278860518431,-0.1597503690992643,0.0,0.9099476983046908,0.8887823425622834,0,0.12181097583159425,21.80084114083902,1.3636527038623445,1.3183527821434295,1.2647834237985134,1.0822790762329562,2.531165553949747,2.957764637636877,-1.5269878634590173,-0.9571427642448984,4,25.1152,0.6471130241630815,-0.26275533720547256,0.6479450670261823,-0.5548570050082992,0.16863411317465682,-1.3261244233317486,1.1046495307815936,0.43599940353028666,-0.2215001354153666,-0.07825414857941429,2.310368859238692,1,PIXEL,"(1460283470, 17)",1.1906460850289444,0.16863411317465682,-0.07825414857941429,-0.16085414918411917,-0.25116725558835684,22.791417967868135,6.649449507525787,25.1152,2.310368859238692
planck18,,1.5,1400.0,25.1152,1,0.04,3.0,21.9,0.04,1,0.04,,0.5029446926046701,0.013960394580802844,0.16016932195172137,-0.4740644757785007,0.21900191580416728,19.80259640462835,3.8335952815946452,25.1152,0.3101527910928764,0.004598709070033836,0.15749040348583868,0.0,-0.21018363794117467,0.022993479101981212,2.345717019538193,0.22237414088901436,-0.03284622396413053,0.0,1.0393121775373944,0.3101527910928764,0,0.11719751360417506,22.569165013649307,0.54939202917732,1.2217597197929275,0.8900510261446993,1.042130581462936,0.8279013357593258,2.2724529778648073,-0.8209112868969979,-0.7851008088412883,4,25.1152,-1.38750064563763,1.158162182852173,0.1158668316596371,0.20078911355113294,-0.11259879308944001,0.18773619216396073,-0.008391131237041376,-0.7222552427099971,0.9676747739991065,0.1575421971237087,3.023446651118693,1,PIXEL,"(1460283470, 18)",1.2499779088595293,-0.11259879308944001,0.1575421971237087,-0.3074720418383747,0.08876274778185701,25.901390332273223,3.2825805426386054,25.1152,3.023446651118693
planck18,,1.5,1400.0,25.1152,1,0.04,3.0,21.9,0.04,1,0.04,,0.4553094229882151,-0.08397246682447976,-0.10608998754430948,0.07767869143982704,-0.15966042661731192,21.581132407931328,3.975309025000418,25.1152,0.19870899928866748,-0.07903279007783363,-0.10591314461127216,0.0,-0.04576980598007955,0.40196672825961105,2.175803222118586,0.02666404249925919,-0.1582194227637401,0.0,0.8297690295522182,0.19870899928866748,0,0.2720985414358649,21.178654275378364,1.017690856636598,0.9333868049141135,0.6555957461041655,0.8289156943013173,1.538910680322212,2.7302128679754034,-1.2995499504394976,-0.2835667628193564,4,25.1152,1.006180859586613,-0.28744642053936403,0.21963150397537434,-0.4362239424227338,0.18689344962425153,-0.6004507027750056,0.7355441488643724,0.642309731930374,-0.395630335878307,-0.04828631674929246,1.6156342376213144,1,PIXEL,"(1460283470, 19)",0.9026449559834312,0.18689344962425153,-0.04828631674929246,-0.0960821324839679,0.038363219317942995,21.63341155698736,2.890321280448372,25.1152,1.6156342376213144
planck18,,1.5,1400.0,25.1152,1,0.04,3.0,21.9,0.04,1,0.04,,1.7159859433802107,0.09478765122280257,0.007063062195832262,0.2903006845273657,-0.4351110079545966,21.558058825869807,6.110539401661056,25.1152,0.5489302147433472,0.08810305445278081,-0.0020678549645228705,0.0,-0.012731554972249442,-0.15640623115820673,2.2351207012307492,-0.12952406053000315,-0.28500503157263885,0.0,0.7746655379802742,0.5489302147433472,0,0.22073106061789335,21.470020103338932,1.1420664951300785,0.8824056143953904,,,2.409923653948589,-0.6346543330512638,,,2,25.1152,0.3172348147624463,0.4512046235243996,,,-0.04216088512163765,-1.1054228901821261,0.3352473167065303,,,-0.18026299285569083,1.7746482894627091,1,PIXEL,"(1460283470, 20)",1.574797326012153,-0.04216088512163765,-0.18026299285569083,0.18314405888659277,0.12603498173873962,26.152142800248793,1.6136596548139541,25.1152,1.7746482894627091
planck18,,1.5,1400.0,25.1152,1,0.04,3.0,21.9,0.04,1,0.04,,0.5093118179039611,-0.11004244836503438,0.07065917654658016,0.130424702225421,0.28097322609338227,18.842541764664997,4.833084190951255,25.1152,0.43272847808143494,-0.10487823649786708,0.08091661555101318,0.0,0.15341265751613836,0.1430742654428487,2.29397879935976,0.09086549940603897,0.023990914462771157,0.0,0.8508957727257486,0.43272847808143494,0,0.11943023250034358,22.454755977142455,1.1118882929547285,1.2131592174651145,,,4.204943432969031,-5.002610392164224,,,2,25.1152,0.8067972925836648,-0.8848367520660287,,,0.013440489576128561,-0.2569499849912404,-0.08290963483565839,,,0.0646605552868253,2.1509872907817282,1,PIXEL,"(1460283470, 21)",0.28731951899043584,0.013440489576128561,0.0646605552868253,-0.5011865967239177,0.22484154371562506,24.109206503382286,2.097530431729483,25.1152,2.1509872907817282
planck18,,1.5,1400.0,25.1152,1,0.04,3.0,21.9,0.04,1,0.04,,0.6504397239086925,-0.06421722551698607,0.05781646536615222,-0.009330133212207612,0.2658221602630795,20.241871135073964,4.1233395408806555,25.1152,0.3529410495159094,-0.06671328091860963,0.05207219885170548,0.0,-0.2594177260046807,-0.10761280073507322,1.9430657163256297,0.11510645983729102,0.036413876181062635,0.0,0.9038053318541629,0.3529410495159094,0,0.12180377765647268,20.541784312906653,1.0975344281315629,1.5431838183496904,1.32970986508685,1.1664233004697957,2.5130902607660333,3.961079392664058,-2.1108655706054678,-0.9626807984388036,4,25.1152,-1.159674460011084,1.0149250166713708,0.14575244145820004,-0.1385706209382282,-0.07764353972558441,-0.3779327777377611,-0.01394483616635781,-0.7306165478640975,0.6221496944549638,-0.06924016529061922,1.7920436618925415,1,PIXEL,"(1460283470, 22)",2.472784269483257,-0.07764353972558441,-0.06924016529061922,-0.06043880616699759,-0.3164153231348342,22.21352777721386,3.2965691202306653,25.1152,1.7920436618925415
planck18,,1.5,1400.0,25.1152,1,0.04,3.0,21.9,0.04,1,0.04,,1.825554942540069,0.04158195655927449,-0.1400643700000901,0.24133458808274313,-0.11532281132906044,20.395791199476847,2.274344704557719,25.1152,0.5370352496367269,0.040873669224637484,-0.13501644138482943,0.0,-0.27538051038102473,0.1614987938651483,1.9086384378849583,-0.04393276490039744,-0.22887823047442357,0.0,0.6369737989009923,0.5370352496367269,0,0.1591608868686451,23.03618609213941,1.0007946059068877,1.1323541736263474,1.0989491955462292,1.1226522020393828,2.1305835397442174,2.911065988697992,-1.8811629755991315,-0.642289616691897,4,25.1152,-0.5703622576032437,0.8021944208111116,0.37598552329313933,-0.08906676543659596,0.07141719449430745,0.6186503721532581,-0.39230255319846863,0.34859475686755337,-0.41820137152066356,0.0211862505667329,1.7742994093963191,1,PIXEL,"(1460283470, 23)",1.0623533743026061,0.07141719449430745,0.0211862505667329,-0.13527816639178217,0.07503905533530536,22.401881974709323,2.991152750682103,25.1152,1.7742994093963191
planck18,,1.5,1400.0,25.1152,1,0.04,3.0,21.9,0.04,1,0.04,,1.2119222992890468,0.01174362745650047,0.12264680441848637,-0.1705208570473255,-0.042017422051557715,17.756309249037844,1.4531899231250125,25.1152,0.7205924520817464,0.008338473756603017,0.12709053423021577,0.0,-0.012357599872957349,-0.31346893780666607,2.2204765112830205,-0.1695518645837529,-0.046726544667848965,0.0,1.0705140472706296,0.7205924520817464,0,0.015576100860828305,22.924185578821962,0.35849127621302757,0.9138135273771475,0.6715365781507134,0.8350771786162351,0.8272880342327753,2.3059492190278936,-1.2597651778844585,-1.2402497818434168,4,25.1152,0.23755144196736008,-0.35830010028433457,-0.8839726538307643,0.8335237160221907,-0.006327761333720872,1.3390329439920632,-0.9878537707539998,0.49504188041762015,-0.302174691239586,0.13233614823641643,2.5257910105846904,1,PIXEL,"(1460283470, 24)",1.0781388264230536,-0.006327761333720872,0.13233614823641643,-0.05141522208049816,0.22215103084796167,21.87243309997647,8.28735454071275,25.1152,2.5257910105846904
planck18,,1.5,1400.0,25.1152,1,0.04,3.0,21.9,0.04,1,0.04,,0.904611789723462,0.02316160052791167,-0.03909253746406996,0.09533108622344034,-0.2816790806285549,18.818137743886474,1.6617559205931849,25.1152,0.922128530984833,0.03511265259665311,-0.03822946394422764,0.0,0.056197902884321395,0.05974687048808577,2.061557659148208,0.09374635971006891,0.15944746527470108,0.0,0.5833739129628024,0.922128530984833,0,0.2144163353664892,21.154351203107314,0.9678890253230751,1.0566671174155613,,,2.1962173894020602,-2.2672590994746105,,,2,25.1152,-0.825000468986843,0.4453362366931934,,,-0.1739833411003478,-0.38704892594325285,-0.046445460115284214,,,-0.08569766690008561,2.677501899185962,1,PIXEL,"(1460283470, 25)",1.0838921758236904,-0.1739833411003478,-0.08569766690008561,-0.17969515056267785,0.04456081845572268,21.98860036334865,4.867380973243537,25.1152,2.677501899185962
planck18,,1.5,1400.0,25.1152,1,0.04,3.0,21.9,0.04,1,0.04,,2.4261129298687862,-0.014467152822898507,0.025987451509009954,-0.22944657713237693,-0.10982417877014035,20.332656423186837,7.143918107866288,25.1152,0.42231782141941515,-0.018332964688246755,0.01780468025280115,0.0,0.17820883275187327,0.42110091964189716,1.6727712812044588,0.2661619209319549,-0.08541583380381132,0.0,1.1266597829372766,0.42231782141941515,0,0.19034977050747287,21.734805700024705,1.5790359457738288,1.3188201133455209,1.3760693444996905,1.1149876073538485,3.769079342760742,4.226767964343047,-1.504092305098855,-1.321990884743581,5,25.1152,1.81506177441089,-1.3252134791497294,-0.5691337344557093,0.25445104752532516,0.10802977173845574,-1.0671590696096294,0.7165284586924886,-0.34330602525715015,0.48502407714604284,-0.12455224432413435,1.2821297102905476,1,PIXEL,"(1460283470, 26)",0.16705067814123892,0.10802977173845574,-0.12455224432413435,-0.27081758263187183,-0.3081572707297578,20.60973616228806,4.866003561759021,25.1152,1.2821297102905476
planck18,,1.5,1400.0,25.1152,1,0.04,3.0,21.9,0.04,1,0.04,,0.3984822928908086,-0.1136609819000018,-0.008635918173355645,0.2733817163589443,0.307676579451843,19.057100639082627,5.997889373393816,25.1152,0.6024154822126534,-0.11452373650863187,-0.008824010153706457,0.0,-0.2572059273016015,0.38228758111291783,2.148921989695364,0.1740913932909717,0.12677235093743722,0.0,1.148290274799171,0.6024154822126534,0,0.1109133807699527,23.810469391979467,0.9349213936115619,1.3820120332893993,0.7612107216308173,1.470329191305621,1.5696720473001227,2.9118093941117325,-0.9144300928892793,-0.9076659877100727,4,25.1152,-1.6061061761338398,1.0778038367102223,-0.2559716288302556,0.19101675835277937,-0.1988836056578591,-0.11342771138056397,-0.27280027916138755,-0.9752919293162798,0.7710344143062933,-0.08083227711622804,1.6506801751994877,1,PIXEL,"(1460283470, 27)",0.07082544693246634,-0.1988836056578591,-0.08083227711622804,-0.1786168461478278,-0.1672642998869283,24.015062593691695,5.873889069204749,25.1152,1.6506801751994877
planck18,,1.5,1400.0,25.1152,1,0.04,3.0,21.9,0.04,1,0.04,,0.3832552621972448,-0.029024668358560077,-0.11453955011640445,0.4824586286298555,-0.05694399221427382,18.861084840785644,4.725343094645836,25.1152,0.81249959725558,-0.03352979518222888,-0.10972146255909544,0.0,0.21477313016445654,0.1709419775075407,2.1517241542895973,-0.0698738547597248,0.15983188881226973,0.0,0.6720120729146538,0.81249959725558,0,0.17697544570602164,21.260744371219285,1.0344003981568304,0.778297412938251,0.46041598386481597,1.0379794793674457,2.017313582580372,5.314412886386977,-2.2396486969009946,-2.3015386792427552,4,25.1152,0.10669459491931378,-0.353035956847229,-0.5434325405298585,0.3507203465377755,-0.036527293700442026,0.7980670391682773,-0.6613146387876313,-0.472994693026254,-0.4403031423565663,0.06722859645609203,1.656441455938605,1,PIXEL,"(1460283470, 28)",1.066478581319874,-0.036527293700442026,0.06722859645609203,0.03156188707570417,0.527193168755419,21.614316292384178,2.4777256161257615,25.1152,1.656441455938605
planck18,,1.5,1400.0,25.1152,1,0.04,3.0,21.9,0.04,1,0.04,,1.0392788161865185,-0.0692365026907682,0.07528886897265262,-0.34236125626148917,0.398176082521397,20.20201269260793,3.4447867011979665,25.1152,0.4401385339183106,-0.07365378738978011,0.07858482353701851,0.0,0.10504236392381189,0.10668941470599745,2.0054928821064517,-0.09866588785198108,-0.031127529393681352,0.0,0.8344864802013512,0.4401385339183106,0,0.12859405632792778,21.034191265116906,1.167208110127867,0.9662648809639175,0.7513125861193771,1.115143998281136,2.982109226135367,4.754542572470127,-2.6359619075766916,-1.9990444039963067,4,25.1152,0.08013200276120835,-0.4963224865905602,-0.8203322737896775,0.48211356613762063,-0.10223446784386035,-0.9977003460984507,0.8105463119603069,0.17828984998295916,0.4407622687616056,-0.04679290984356235,1.5051110644398817,1,PIXEL,"(1460283470, 29)",1.2638758195967652,-0.10223446784386035,-0.04679290984356235,0.1749585114752841,0.20751942172973087,20.83282049627246,2.6514076067785295,25.1152,1.5051110644398817
planck18,,1.5,1400.0,25.1152,1,0.04,3.0,21.9,0.04,1,0.04,,2.816676745083913,-0.026606653215193343,-0.026905857961889646,0.09366782503374174,-0.45454248127156593,22.53244415559719,1.9517092092095696,25.1152,0.42553300105063974,-0.029442793224875488,-0.02586170784623927,0.0,0.19619371626435145,0.3702281979650035,1.7669752728672874,0.03859564052952284,-0.37431376579221903,0.0,0.8937614796165385,0.42553300105063974,0,0.24524711297752963,23.189094646810958,1.3426005514669308,0.868763828790067,1.2339758627131512,1.4325493224100656,2.698898386441287,1.8381313544339664,-0.8628780648511796,-0.416238433428254,4,25.1152,1.526399581258088,-1.0662155679143674,0.47768897759151047,-0.13235504807287599,0.17521828634299247,-1.3121830194293376,1.4555097388603895,0.3897030437393287,-0.09548685449357304,0.10926781866047208,2.0417935529134814,1,PIXEL,"(1460283470, 30)",0.8547122423479256,0.17521828634299247,0.10926781866047208,-0.033052573937839794,-0.004744404223162596,23.111120455886773,5.362026588820994,25.1152,2.0417935529134814
planck18,,1.5,1400.0,25.1152,1,0.04,3.0,21.9,0.04,1,0.04,,0.21342421158503722,0.09051149887497267,-0.00769862989466034,0.24942674096213482,-0.09179563773251853,19.598243390625488,2.8909788745974154,25.1152,0.15210241081011971,0.08702818478319702,-0.011567438437229259,0.0,-0.21021681955638064,-0.11818143462233349,1.9356095090749987,0.002934901207951573,-0.21086205580744075,0.0,0.6258836088354904,0.15210241081011971,0,0.06862518363823261,22.536057410181506,0.7136696836966199,0.7627155665685339,0.7949078461105917,1.817162192967147,2.1209573743044334,3.0118056956481007,-2.5326629468564175,-3.5079078483212265,4,25.1152,-0.6137590025978419,0.7578036240664375,0.33816974143689654,0.028419020560792835,0.06561764231709893,0.42148037570956215,-0.19621007132531296,0.4726826360151511,-0.5052955998310013,0.05363228932821895,2.2725135770298026,1,PIXEL,"(1460283470, 31)",0.11856879376325952,0.06561764231709893,0.05363228932821895,0.32111414558816254,-0.10421949593192151,23.74214395585066,2.6013495796445367,25.1152,2.2725135770298026
planck18,,1.5,1400.0,25.1152,1,0.04,3.0,21.9,0.04,1,0.04,,1.7892015951113147,-0.005992902656991833,0.10496924450088811,0.20372453096556667,-0.18281843297283878,19.51866143785728,3.0862818439812436,25.1152,0.86148845397802,-0.012336304525167686,0.1177270002931017,0.0,-0.24834618459832275,0.11861251745975251,1.9800182196639948,0.26579960569057126,0.020525871854369798,0.0,0.6520717843975612,0.86148845397802,0,0.2090257384751461,21.42868787607363,0.7934679556067121,1.474020919551424,1.2702937255792814,1.5447897034197342,1.2843828536182684,4.047114354778036,-1.6172283082935281,-1.2547901430088149,4,25.1152,1.2180914110139274,-0.6719271877129007,-0.18424786173161994,-0.20788260049136606,0.19002571230474896,0.11793957807812697,0.2180252458534809,0.5486194952480254,-0.24618548705480153,0.17008512754769994,1.6000483805661194,1,PIXEL,"(1460283470, 32)",1.4359068569622044,0.19002571230474896,0.17008512754769994,0.22400034721238374,0.3865918509348067,24.59872072060244,4.512810878192159,25.1152,1.6000483805661194
planck18,,1.5,1400.0,25.1152,1,0.04,3.0,21.9,0.04,1,0.04,,1.0438254541937129,-0.10884818939246244,0.06600187144681148,-0.07520837427193414,0.09429012650055359,22.046274121360423,4.775228885573113,25.1152,0.5921640331269957,-0.10899165078626877,0.06350465953948409,0.0,0.47292612893394104,0.6206617871482382,2.0483190443627346,0.13247568566547327,0.13003213830236096,0.0,1.2690810895548927,0.5921640331269957,0,0.28775506407797863,24.669566373541592,0.8144681781301557,0.7796302293888455,1.426714983162383,0.6072230619788834,1.5275213774321978,1.812667589062635,-0.9418569499943178,-0.1185283144433536,4,25.1152,0.9755093212681217,0.0930926860744125,0.8975336056171074,-0.5936022552008893,0.16927837081664782,-0.5751053740433574,1.151871457395607,0.6234396668301506,-0.1649164108769729,0.13677656397518123,2.539377999655338,1,PIXEL,"(1460283470, 33)",0.7436874911617024,0.16927837081664782,0.13677656397518123,0.214963479593668,0.20407102180742775,24.516884838199264,3.6822463626518696,25.1152,2.539377999655338
planck18,,1.5,1400.0,25.1152,1,0.04,3.0,21.9,0.04,1,0.04,,0.9785127567561162,-0.16887884790446409,0.1888821529305213,-0.056541486891213855,0.29973148294827495,18.482071282146713,1.7056953094008542,25.1152,0.2837163959142015,-0.16680057548379912,0.18769293619396826,0.0,-0.07358073598552285,0.17295612524133402,2.2356555950915005,0.018212560364862077,-0.11336494188800211,0.0,1.0230164385783622,0.2837163959142015,0,0.28275769071575935,19.96806595776142,0.5248569472300189,1.2320387659102159,1.0560910038572062,0.969338282759299,0.9415900719491035,12.369122184880526,-8.753434034384664,-1.6616055943328256,4,25.1152,0.9946782633301353,-0.603093930579721,-0.3253962865220112,-0.9241101603496066,0.09063490127935925,-0.5675055601888138,1.0176296831369456,1.0928334665914265,-0.13027125403616227,0.07073616228739044,1.561751498083302,1,PIXEL,"(1460283470, 34)",0.18548678826099696,0.09063490127935925,0.07073616228739044,0.10498312767179657,-0.4487871128565606,20.947627965772234,1.9329875849912634,25.1152,1.561751498083302
planck18,,1.5,1400.0,25.1152,1,0.04,3.0,21.9,0.04,1,0.04,,1.0282279513084096,0.1234897373043766,-0.03164174456513868,0.09732856296986504,-0.13166791393469587,17.49483073801197,3.2194698866194056,25.1152,0.6790326272194502,0.11576277756912134,-0.032128673180883145,0.0,0.08963773737081149,-0.2611673214645693,1.810881793021923,-0.41446170167992274,-0.3329485081994498,0.0,0.9927443252359462,0.6790326272194502,0,0.1252579681681629,19.41836445341133,1.0801388781765957,0.9073860190212866,,,-1.161373442649751,-0.6035257781110572,,,2,25.1152,-0.6153574425953549,0.5741073008872895,,,-0.007369761442555772,-0.07029520367044803,-0.02469993457972625,,,-0.009151805984628558,2.4959140720534068,1,PIXEL,"(1460283470, 35)",0.12826914487874969,-0.007369761442555772,-0.009151805984628558,0.00823395309756767,-0.18685830523761576,23.26988967401501,3.2160713213624867,25.1152,2.4959140720534068
planck18,,1.5,1400.0,25.1152,1,0.04,3.0,21.9,0.04,1,0.04,,1.9188994802807988,-0.058916932160087504,0.12432907450230889,0.1455213744464962,-0.5200348058132929,17.979699711986143,4.778546845508126,25.1152,0.8101502485388833,-0.061681267574869914,0.11814412976063274,0.0,0.18442679452386834,-0.1125613411494043,2.126487951804068,-0.10198603018590935,0.1486512784647499,0.0,0.9186014276230832,0.8101502485388833,0,0.07840472113087135,19.792736461659338,1.1405783879463387,1.0167612386779967,0.9701751617411781,0.7395569420582504,2.2596923171065155,2.1429253720080905,-1.151602487197939,-0.6746775697969486,4,25.1152,-0.6117793760832853,0.2937885771133451,-0.7754945548989297,0.6080341182238989,-0.13994061983162234,-0.906659925646748,1.1657546864096373,0.4387248877260245,-0.115433643107532,0.1133719101551196,2.3304971705866864,1,PIXEL,"(1460283470, 36)",0.9179676545373222,-0.13994061983162234,0.1133719101551196,0.30945225624268746,0.2170350360114031,26.532121105254127,3.0245067766123928,25.1152,2.3304971705866864
planck18,,1.5,1400.0,25.1152,1,0.04,3.0,21.9,0.04,1,0.04,,2.442894097827307,0.0380979696849374,0.05490202097222747,-0.19120868531062754,0.23562529121756037,21.056572636800396,2.3069771146831917,25.1152,0.3981198912302207,0.03830591721196871,0.05625683677407949,0.0,0.3177912457753641,0.17188515377896915,1.7741623664745487,-0.04262469653445746,-0.08271479730197168,0.0,0.7492623918790792,0.3981198912302207,0,0.2323543183999822,21.98093116648159,1.0513228196888387,1.392769525873831,1.0941491287507692,0.5539339729160551,2.1627544273827364,6.758128457551523,-2.165382806645071,-1.1503830782603126,5,25.1152,0.4741762151431712,-0.17938740253379543,-0.4223669236441634,0.3441510837786907,0.11288797550183077,-1.1618797435697157,0.6516749690927923,0.1509689291285521,0.3932167569224065,-0.16380235040147997,2.3270487454054662,1,PIXEL,"(1460283470, 37)",1.2924855155110602,0.11288797550183077,-0.16380235040147997,0.0738824603319049,-0.32586917242760866,20.67812823449978,0.6604473227451333,25.1152,2.3270487454054662
planck18,,1.5,1400.0,25.1152,1,0.04,3.0,21.9,0.04,1,0.04,,1.0405382898076971,-0.14028129460896308,-0.00049519703812873,0.09372123699421613,-0.1656562066831031,17.798775804181773,3.677404497606801,25.1152,0.8005032293343362,-0.1417757615821027,0.0028370071915114446,0.0,0.2677665985950035,0.013519598759874334,2.3375109909261313,-0.035702779831162205,0.06658510924270386,0.0,1.247697325088685,0.8005032293343362,0,0.16659847564813074,24.038609489516055,1.17654203807326,1.2292504104455224,0.742974339249066,1.0488949734037845,2.6154815724665763,5.51730949439277,-2.6487257059323186,-1.1676127471699105,4,25.1152,0.4957783670179081,0.20680179316149422,0.9563969939560821,-1.196007349172137,0.00014828783470482998,1.295711994939862,-1.1834361741316337,-0.5188447669573711,-0.027179910672783088,0.09008731541684889,1.668788284423453,1,PIXEL,"(1460283470, 38)",0.33335397528511435,0.00014828783470482998,0.09008731541684889,0.1144276373072605,0.09142637975580649,24.656908363530906,3.1067388805229386,25.1152,1.668788284423453
planck18,,1.5,1400.0,25.1152,1,0.04,3.0,21.9,0.04,1,0.04,,2.713125234748257,-0.04981887653685692,0.025304697709567395,-0.19393901657852564,0.599559805723798,18.556954545340265,3.683593417545737,25.1152,0.7822896667656154,-0.04682559100902094,0.023685879439101346,0.0,-0.42684186944455466,-0.4399581248914667,2.2839934175606262,-0.03221971189761012,-0.028832877144624992,0.0,1.1397646378431223,0.7822896667656154,0,0.13222505603858464,21.922860183950732,0.7730429493013199,0.8570495912413449,0.5715694734827685,1.3795449433520939,1.5101560566344974,1.8869801580685241,-0.42222779144628286,-0.6042497635968548,4,25.1152,1.0952724394167732,-0.8477671860560246,0.3278666628803401,-0.40987012019172614,0.046264110078350296,0.17971163186730024,-0.7100872234596721,-0.9677709327074936,0.806412200207397,-0.07021711836113248,1.891258843184668,1,PIXEL,"(1460283470, 39)",1.0588193355492155,0.046264110078350296,-0.07021711836113248,0.12836513537329833,0.09991530714029173,26.422379576082058,2.749712465703867,25.1152,1.891258843184668
planck18,,1.5,1400.0,25.1152,1,0.04,3.0,21.9,0.04,1,0.04,,0.8197528213051521,-0.09874814466564392,-0.022028482108893483,0.2139047958479328,0.1790645004890664,19.96350439791581,3.0106136688473644,25.1152,0.6561914510224884,-0.09772564888143997,-0.021383071988938483,0.0,-0.4802963097220376,0.10220603700763978,2.236983714574305,-0.02261792681751737,-0.005520677963934345,0.0,0.46699261285263516,0.6561914510224884,0,0.3337447957019767,22.484467373418283,1.3147296569289284,1.1731776404552972,,,1.9429183022658303,-0.3515485334026311,,,2,25.1152,0.5799119051924243,-0.20206155496069142,,,0.1796508703248751,0.2542144103342404,-0.18979478465614028,,,0.16421826219576746,2.4886610122877517,1,PIXEL,"(1460283470, 40)",0.34206010313363433,0.1796508703248751,0.16421826219576746,-0.22077176650232122,0.03311796473328519,21.122357186357146,1.259408216468923,25.1152,2.4886610122877517
planck18,,1.5,1400.0,25.1152,1,0.04,3.0,21.9,0.04,1,0.04,,1.5106462547865651,-0.08803415564136768,0.0785303126360909,-0.04830601703486169,-0.18511675853129334,19.21713071548127,4.133113567991848,25.1152,0.80822401237174,-0.10202914290773402,0.07638421859172724,0.0,0.023618012353284888,0.28111193100437093,2.031669552873595,-0.19965190733341495,0.3850970436130225,0.0,1.0533377765290837,0.80822401237174,0,0.05159058025094384,21.76900904436861,0.8007081495073058,0.922649911700256,0.6039365183334531,,2.0973238034388366,-1.4462041141606672,-0.6906911835924843,,3,25.1152,-0.6378692766745577,0.6535342766702533,-0.8201209269827536,,-0.058739703107499874,-1.384525654731904,-0.2780413043536899,0.23612269101533298,,0.10444865110711904,2.252741101719047,1,PIXEL,"(1460283470, 41)",0.1734907704027726,-0.058739703107499874,0.10444865110711904,0.06603283437535394,0.10329606141016578,25.137479443128992,7.267910576183642,25.1152,2.252741101719047
planck18,,1.5,1400.0,25.1152,1,0.04,3.0,21.9,0.04,1,0.04,,0.25242386251776106,-0.07853969512294383,-0.04836517533132765,-0.07346602201517717,-0.030994537301853513,20.307231134979368,2.461561164638412,25.1152,0.3734835436246912,-0.08242627426955693,-0.04448594637078342,0.0,0.3952908973805775,0.03664537398665675,2.350486744215526,0.04967874465675846,-0.07468719177438357,0.0,0.5819277228234739,0.3734835436246912,0,0.2709818576399619,21.29861592901274,1.2565221102510797,1.0335952330660259,,,2.7358759187762023,-0.5451622627695228,,,2,25.1152,0.2511111585051209,-0.40390329229730754,,,0.10812802500395885,0.6092177125391864,-0.21128647982220344,,,0.14818015391254086,1.8551393349595746,1,PIXEL,"(1460283470, 42)",1.3609147522858507,0.10812802500395885,0.14818015391254086,-0.18488678618743765,0.006378536062447651,23.4901953483026,2.276497483901811,25.1152,1.8551393349595746
planck18,,1.5,1400.0,25.1152,1,0.04,3.0,21.9,0.04,1,0.04,,1.5751060545418927,-0.05337025495923693,0.01197304354535823,-0.5264686362450556,0.2331557923335069,21.948024879391976,6.075514919860382,25.1152,0.14516234115353271,-0.059217961895893845,0.0023353122730408304,0.0,0.3147683347690355,-0.21056857997611328,1.9568986530266084,-0.13525684423158604,-0.1565300905992559,0.0,0.7460272608178103,0.14516234115353271,0,0.2058489001317196,22.07363847398365,0.8162501124093902,1.3787871018699935,1.270624770840696,0.9312179806616453,1.5264363288530727,4.1059102694802165,-2.008144161822699,-0.8563249737324725,4,25.1152,-0.07940578185488477,-0.34230216046272893,-0.6551847464913921,0.3686575965101179,-0.16564439964350403,-1.1256725621998687,0.7397456327105263,0.26489385893649753,0.0997789020091071,-0.17386679620978274,2.041621988178178,1,PIXEL,"(1460283470, 43)",0.7872423720911393,-0.16564439964350403,-0.17386679620978274,0.034362085455172095,-0.08154688174014448,21.04164085956748,0.7167376992513712,25.1152,2.041621988178178
planck18,,1.5,1400.0,25.1152,1,0.04,3.0,21.9,0.04,1,0.04,,1.8097848235613,0.036515239004832695,-0.0006706390355197215,0.06954212202343159,0.16062398407518447,17.120761731710548,3.873374878425906,25.1152,0.7079391525585821,0.03227070089295957,-0.004869167340930643,0.0,0.18771654586526518,0.21771266549299936,1.8156528964343193,-0.040833809849387004,0.0929538445205136,0.0,0.37986789322438697,0.7079391525585821,0,0.2213561675607691,24.063019691179754,1.4503520141567128,,,,3.6517197871455473,,,,1,25.1152,-0.33081198233154113,,,,-0.14881222412366324,0.49744230636828857,,,,0.12243961941244091,1.6397269352258266,1,PIXEL,"(1460283470, 44)",1.0773873582426337,-0.14881222412366324,0.12243961941244091,-0.1363422954358981,-0.5493655580253302,26.623309694174193,3.533412703566516,25.1152,1.6397269352258266
planck18,,1.5,1400.0,25.1152,1,0.04,3.0,21.9,0.04,1,0.04,,1.1237796728114842,0.0013983150295780523,-0.09502037222204858,0.06858198380329586,0.12293422966748989,21.04452073293816,4.4620426028441065,25.1152,0.5389329391822609,0.000261079083278621,-0.10216643098096628,0.0,-0.2558306862888972,0.10784690262000368,2.180960135349898,-0.20612900513071455,0.20333840546644935,0.0,0.5740000843060383,0.5389329391822609,0,0.22215848961609938,24.56022553945529,0.6571209580246837,0.9239698869575396,,,1.5118033985625268,-1.171150399131937,,,2,25.1152,0.24527492585083616,0.10546103853041418,,,-0.005844355884286501,0.7925439758059868,-0.4941930994647341,,,0.11990814697059343,1.315031565875779,1,PIXEL,"(1460283470, 45)",2.1027664745505885,-0.005844355884286501,0.11990814697059343,0.008707315407009525,-0.07884206312817524,23.309761418711165,1.235765294954424,25.1152,1.315031565875779
planck18,,1.5,1400.0,25.1152,1,0.04,3.0,21.9,0.04,1,0.04,,2.210772791403654,0.09251179003386223,-0.027917310400415108,0.13442024664866012,0.13122493941702046,17.388802496954753,4.996415250455549,25.1152,0.5368396892633285,0.08914904108013195,-0.027103555166636487,0.0,0.36517306571590624,0.16110287985549596,2.2147621431542888,-0.13802504205100935,-0.1951129410730816,0.0,0.5052287657612917,0.5368396892633285,0,0.09578695652776811,19.747002581132712,0.7832712906292711,1.643595823242498,0.9674563362438171,1.1349836877448973,1.0752161010164434,2.9402140308974802,-0.6155479725174281,-0.6514527393841106,4,25.1152,0.34784691564920833,-0.15076352779122457,-0.3047990254045097,0.3922142484522641,0.10841780687639768,-0.7508408244431103,0.4502072959203765,-0.05280742564611604,0.15439353303538747,-0.12093241909208961,1.3205594288958267,1,PIXEL,"(1460283470, 46)",0.12112461074233832,0.10841780687639768,-0.12093241909208961,-0.0077844439589687614,0.18119850783872843,24.410795657848197,1.057336815496199,25.1152,1.3205594288958267
planck18,,1.5,1400.0,25.1152,1,0.04,3.0,21.9,0.04,1,0.04,,0.04141066098272517,-0.06368927664432356,0.05828067230162434,-0.038055414841350346,-0.03933956699480702,22.803998100287625,4.797165383135381,25.1152,0.7323993093741348,-0.058603553752385205,0.05560363090514531,0.0,-0.06106647027899711,0.20136132391522862,2.029120111064124,0.004478890238044879,0.22455495484221563,0.0,1.0538924597424975,0.7323993093741348,0,0.03644669908705109,22.344974447555597,1.3649663088599138,0.9262174390577512,1.566540346101525,0.3771635332624449,6.781790282323478,5.7111411687573055,-8.078668854433637,-1.4387267974617604,4,25.1152,-1.0422626629900862,1.01625189817114,0.571894129701537,-0.39087718675889044,-0.07608443440744549,-0.7835029279480442,0.5520569408562166,-0.6289758293091774,0.8896082406674338,0.02362268836328782,2.1300612985710536,1,PIXEL,"(1460283470, 47)",0.4297431796376678,-0.07608443440744549,0.02362268836328782,0.2565021999544677,0.0618264272273802,21.740300651094365,4.333905454821577,25.1152,2.1300612985710536
planck18,,1.5,1400.0,25.1152,1,0.04,3.0,21.9,0.04,1,0.04,,1.5338206614687175,0.02025830156033552,-0.1461806468563992,-0.20783535891014493,-0.2983059505549571,20.828093309872255,0.5804357192292073,25.1152,0.5563240572402228,0.019087805920383182,-0.13604360167320162,0.0,0.050124138276014606,0.05836215733521562,2.07288839888411,0.07822388209828,-0.22832432312913564,0.0,0.7306490453989147,0.5563240572402228,0,0.05960399791921539,20.81451049703188,0.752879446789675,0.9427641470902387,0.7930098169868939,1.0555187663566916,1.671675719040426,2.3723446479941463,-1.2115152632940307,-1.3034845531277697,4,25.1152,0.755619461763134,-0.7314205155135166,-0.43586370783259976,0.34673435461381225,-0.007471966709695271,-0.8036748645457258,0.38658369538045667,-0.5520349723708067,0.3231335131782025,-0.18940290307223015,2.4023852947054336,1,PIXEL,"(1460283470, 48)",1.4496531731788427,-0.007471966709695271,-0.18940290307223015,-0.036549421785311,-0.03057830710359884,22.90936113420408,3.9580742119959353,25.1152,2.4023852947054336
planck18,,1.5,1400.0,25.1152,1,0.04,3.0,21.9,0.04,1,0.04,,0.055509988131371535,0.08405832147007941,-0.03387263072802832,-0.16991233862949806,-0.053223762091460854,19.03603864563217,2.1942465512002807,25.1152,0.38493144487699477,0.08539569392619276,-0.039433218958990233,0.0,0.24520358721284444,-0.04502443204455702,1.978266196135219,0.12350021770957963,-0.07416782550838445,0.0,0.7423935468742222,0.38493144487699477,0,0.26468407652073883,20.502749133483793,0.9857205017416228,1.0318480262415766,,,5.881894784255844,-1.3826238190555034,,,2,25.1152,-0.8792513744528238,0.5232745330211983,,,-0.15923699254537277,-0.31802384155312957,0.0867853356208998,,,-0.14049017850825157,1.6533693382142043,1,PIXEL,"(1460283470, 49)",1.8656531735039195,-0.15923699254537277,-0.14049017850825157,-0.19374685591699006,-0.2758738728522257,23.07167032134472,1.428416478499449,25.1152,1.6533693382142043
planck18,,1.5,1400.0,25.1152,1,0.04,3.0,21.9,0.04,1,0.04,,0.7762805103212842,-0.08237092513526634,-0.019217853546615867,0.4822951712297011,-0.07865975427927516,21.648910650705655,2.8401848323436143,25.1152,0.4837949452446979,-0.0859287528988418,-0.02043924590228195,0.0,0.44144458655368746,0.017202376192641634,1.5986652296820034,0.3021942207099789,0.010013342112910913,0.0,0.7492416260937182,0.4837949452446979,0,0.07460660901270401,22.651461430058795,1.5944837414871846,0.7862484934269937,1.3436081993359106,,15.62150894588054,-4.213120143391676,0.016599804198596895,,3,25.1152,-0.6044175588982804,0.4543349077887796,-0.07931985434648163,,-0.12626924595512556,-0.66406247594273,0.09201687232083894,-0.017855266605301914,,-0.08319903181930376,2.043165531790966,1,PIXEL,"(1460283470, 50)",1.5349887824337147,-0.12626924595512556,-0.08319903181930376,0.18689644693590257,0.4469501817838738,23.14696176283715,2.0765311196374885,25.1152,2.043165531790966
planck18,,1.5,1400.0,25.1152,1,0.04,3.0,21.9,0.04,1,0.04,,0.18007859858349207,0.031421598791478045,0.007687263552272238,0.42719310598260335,-0.1608899040005065,18.122010764895034,5.7274736678875975,25.1152,0.3289568891288449,0.029544924872341907,-0.0004705390842056689,0.0,0.16141498349735095,0.22392928283688013,1.803994292608182,0.10654153905430082,0.019448681652303516,0.0,0.9219538449969796,0.3289568891288449,0,0.12611629545969566,20.539352387619154,0.7931840908844102,1.0496578666386485,0.7720674708650108,0.8744919289002955,3.686853301989102,8.740759996364924,-5.884556407354687,-1.779851142181759,4,25.1152,-1.001850276397557,0.16892446680846762,-0.5972554041394579,0.5726068316905724,-0.0811857227368999,0.3981555399754729,-0.9289998248344193,-0.7117460814135224,0.36630557854974505,-0.060836453808619156,1.7054139635996386,1,PIXEL,"(1460283470, 51)",0.7655339568990287,-0.0811857227368999,-0.060836453808619156,-0.00307491558019129,0.26852322483485974,23.091599957419618,4.408918823019635,25.1152,1.7054139635996386
planck18,,1.5,1400.0,25.1152,1,0.04,3.0,21.9,0.04,1,0.04,,0.3597238124710255,-0.02398728661212178,-0.08625921684722984,0.058992217383657494,0.005127361056167747,20.488411314020773,1.778783646466784,25.1152,0.1903113349794509,-0.008813232659960965,-0.0871402235954871,0.0,-0.44036311741049416,0.04532363106785029,1.9968974306636504,0.07129067831838619,-0.02737097875858899,0.0,1.0776789017970252,0.1903113349794509,0,0.11087886645114577,22.42804944771953,1.2799282721405625,0.9534516730372977,0.9498381937791741,1.0496427927774596,2.358668169770098,2.118471635748438,-0.7970081961683563,-0.759836623142021,4,25.1152,-1.376867012360736,1.1342896140839884,0.13724250190991613,0.020786069518029426,-0.11528753308770208,0.08427067637966408,-0.12697868904266496,0.7138255474805365,-0.8471679815676537,-0.05619920916618715,3.137730900473863,1,PIXEL,"(1460283470, 52)",0.9625557678708305,-0.11528753308770208,-0.05619920916618715,-0.10726451536210736,-0.3470721168461303,20.81423414886231,3.3019725779077174,25.1152,3.137730900473863
planck18,,1.5,1400.0,25.1152,1,0.04,3.0,21.9,0.04,1,0.04,,0.5624228432407283,0.040710233430415244,-0.00041795924662079483,-0.3937316842204616,0.1060758137186561,21.55999438244826,4.705335245392375,25.1152,0.19998034276928223,0.03821316037597865,-0.004400150197386451,0.0,-0.06688351699680462,0.19663199483292884,1.9152956466623003,-0.03083159014186763,-0.0231454207267569,0.0,0.5492771700499675,0.19998034276928223,0,0.2145948844961883,20.24792041995645,1.0001369764815304,1.0149657465096618,,,3.511823203831491,-0.8547414263379471,,,2,25.1152,-0.7096896319873843,0.24737366509538994,,,-0.15835889061862624,0.011460472001268004,0.14575859073469258,,,-0.09048379103411484,1.976314999225541,1,PIXEL,"(1460283470, 53)",0.6846855287729793,-0.15835889061862624,-0.09048379103411484,0.26983256619433754,-0.12375205622075665,20.120033049563155,2.746130607649343,25.1152,1.976314999225541
planck18,,1.5,1400.0,25.1152,1,0.04,3.0,21.9,0.04,1,0.04,,0.09362356508869263,-0.010922573331778975,0.04610314082530019,-0.19567310622113998,0.07759444647975448,17.01138240883211,0.836443435222213,25.1152,0.791445285411674,-0.0006273586887784241,0.04161515124397316,0.0,-0.14152532187993336,-0.27062198550155403,2.2322008767723194,-0.11727003253022289,0.024369334993328773,0.0,0.9151886385656892,0.791445285411674,0,0.16288545205914903,20.71865371463319,0.9844186847783425,1.453222586487003,1.335809728449955,0.7347555804748103,2.023720704354777,7.971870467639545,-5.260290094579485,-1.4920371827556254,4,25.1152,0.6195528367736296,-0.5230264086148929,-0.7674839517491153,0.31103490467476935,0.09923881428020576,0.9885195753851826,-0.6067648658302022,0.11792135696172018,-0.7224845211680272,0.1702946678308887,1.8738479252674027,1,PIXEL,"(1460283470, 54)",0.11145262221008861,0.09923881428020576,0.1702946678308887,-0.007128174544534922,-0.005586675312992246,24.957994956035098,4.191117889869961,25.1152,1.8738479252674027
planck18,,1.5,1400.0,25.1152,1,0.04,3.0,21.9,0.04,1,0.04,,1.2042637701275631,-0.023925282289376334,0.06751689080662453,-0.14660552970118687,0.3217989534578856,18.826932852826147,2.02457567937652,25.1152,0.2868077578796037,-0.022262859033893797,0.06953037007485284,0.0,0.20278733961250822,-0.3047652119652666,1.771889077579956,0.18970794163547036,-0.2371136961452863,0.0,0.9975350009693342,0.2868077578796037,0,0.2253482152785067,21.166580772216108,0.4291046921389521,1.2236746312838105,,,2.738169654253309,-4.829521650674328,,,2,25.1152,-1.154944114549644,0.3757480140394961,,,-0.16543245982540095,-0.4091430758646174,0.5023590037206865,,,-0.10449343156851053,1.6431920494530947,1,PIXEL,"(1460283470, 55)",1.1792016909290528,-0.16543245982540095,-0.10449343156851053,0.34597040641622784,0.08777271655068616,26.071476184092113,4.669776504689258,25.1152,1.6431920494530947
planck18,,1.5,1400.0,25.1152,1,0.04,3.0,21.9,0.04,1,0.04,,1.0319524771232145,0.07291944572764698,0.011548822667088877,-0.18696952900009556,-0.29940972563517526,20.747932624657178,2.1336592768988427,25.1152,0.25678330297897267,0.06294113376626999,0.004983640585191686,0.0,-0.32431051239085784,0.09466642495185083,2.1810692371541287,-0.20988708914153764,0.05580410778508007,0.0,0.560095488156833,0.25678330297897267,0,0.1904035130149264,21.541761683557947,0.7187221068613365,1.0170785817333918,,,2.179878637745298,-1.675192156610203,,,2,25.1152,-0.3233199926240482,0.2727976427508241,,,-0.04912940174288899,-0.6917585942261228,0.35903334304017626,,,-0.14894391652891176,2.465488579156651,1,PIXEL,"(1460283470, 56)",1.1524988849060738,-0.04912940174288899,-0.14894391652891176,0.23097615796089632,-0.2769341979434755,21.23800133278943,7.7694076668418095,25.1152,2.465488579156651
planck18,,1.5,1400.0,25.1152,1,0.04,3.0,21.9,0.04,1,0.04,,1.911788056347564,0.08659725326213931,0.08646460803545312,-0.21392482533991458,0.028522887793189733,19.446139182774253,5.874304003951976,25.1152,0.6657919990329888,0.08825961948163985,0.07771250100230757,0.0,0.04087921986626078,-0.07508768713200323,1.889983192044071,-0.15359573758249195,0.1561707611954997,0.0,0.6746271396349276,0.6657919990329888,0,0.2671072449516218,21.004704191612344,1.5211083651077626,0.44034150026454366,,,3.767489806145165,-0.2937267573696498,,,2,25.1152,-0.6831216433253439,0.36152428314761625,,,-0.17728965262540153,-0.6968538407393714,0.027983599777017972,,,0.048905134078789825,1.9176386978587565,1,PIXEL,"(1460283470, 57)",0.6814393929180667,-0.17728965262540153,0.048905134078789825,0.007744100005446537,0.28430672525193995,25.22417835394388,6.240171288703827,25.1152,1.9176386978587565
planck18,,1.5,1400.0,25.1152,1,0.04,3.0,21.9,0.04,1,0.04,,1.15631443001841,0.03496555014600135,-0.013333903344955982,0.026449542528489935,0.01928575940185366,19.401267575556158,1.6701971313817991,25.1152,0.6681023883504016,0.03713246343810143,-0.02400491495435315,0.0,0.08266129676501516,0.12601473807541405,1.7834915108786364,-0.07077970170674813,-0.10487921730905443,0.0,1.0383131994351467,0.6681023883504016,0,0.09619115028674849,22.00172638437212,1.1077395215206942,1.147235959170138,0.7774365692547474,0.8799121327514255,3.5619316801310963,4.351597726501869,-1.999993384777574,-1.494653165712458,4,25.1152,-0.46704028800246933,0.8019494504166705,0.8689099768870675,-0.5583680701650654,0.0847593850817338,1.2855844473648526,-1.0346160725915456,0.3025388458272763,-0.4191353520518409,0.05956789000179952,1.6502905752165347,1,PIXEL,"(1460283470, 58)",1.851260859572281,0.0847593850817338,0.05956789000179952,-0.059472488676569776,-0.21318523105605663,22.822465776408123,3.4602187099366595,25.1152,1.6502905752165347
planck18,,1.5,1400.0,25.1152,1,0.04,3.0,21.9,0.04,1,0.04,,0.9063702890991909,-0.0959778310715682,0.015158345944578362,-0.16194873411336264,-0.11654520620756514,17.027468435837278,2.831782596288008,25.1152,0.4052296539355272,-0.08712594174705851,0.013971189159847451,0.0,0.07749722071048354,0.06320717750854049,2.1932008645770993,-0.09100446759397056,0.2007267794912723,0.0,0.6403100336787735,0.4052296539355272,0,0.31145035606580096,21.6663747846186,1.1109191023879081,0.9031057247503471,,,1.8872829376474016,-0.7328658609192275,,,2,25.1152,0.6282690945432228,-0.4674926187743808,,,0.16730801288405833,0.8478372724440405,-0.09827820581089224,,,0.1935949265229393,1.1452673180890636,1,PIXEL,"(1460283470, 59)",0.376394026249216,0.16730801288405833,0.1935949265229393,0.006218790980781096,-0.05537241092588934,22.477121225178394,5.728960689561477,25.1152,1.1452673180890636
planck18,,1.5,1400.0,25.1152,1,0.04,3.0,21.9,0.04,1,0.04,,1.1386391820750925,-0.11300344710142246,0.08829504536172027,-0.07820765293891434,-0.01582454093816165,20.746356265667366,2.125379694122266,25.1152,0.11694225802648228,-0.10778241118411472,0.08995109505552354,0.0,-0.10764947779282348,0.17750565912805388,2.1888902160911097,0.1307059678035669,0.11312349208761173,0.0,0.5560255152855919,0.11694225802648228,0,0.26020118043410256,21.492600746656684,1.0121976027552384,1.4182181590769893,,,2.889027890617292,-0.610913014812793,,,2,25.1152,-0.6706941310815822,-0.0435015327283108,,,-0.16607773940624165,-0.505829518818849,0.37399052617322165,,,-0.16363579144844156,1.757849180621237,1,PIXEL,"(1460283470, 60)",0.425997152390036,-0.16607773940624165,-0.16363579144844156,-0.30233435144658416,0.11976393228133153,22.61666168473144,5.96321499882865,25.1152,1.757849180621237
planck18,,1.5,1400.0,25.1152,1,0.04,3.0,21.9,0.04,1,0.04,,1.317345770686233,-0.008757479160642768,-0.02423160963971622,-0.13962774638286618,-0.08643698825219813,18.98763169065781,5.0560613926405775,25.1152,0.6278357064743003,-0.01206487965854159,-0.027441096563261394,0.0,0.18270858542900814,-0.437294515541682,2.261988043643381,0.061880851983755224,-0.2640856361952399,0.0,0.821358871844682,0.6278357064743003,0,0.24335887635576517,23.190498814256593,0.7744267764074275,1.0347091620456896,,,2.8554411376050246,-1.1368503285113376,,,2,25.1152,0.8820247253320079,-0.5816032231564753,,,0.19092441327586013,-0.8193472870119783,0.3005983462488319,,,-0.16167555434192657,2.292596126645225,1,PIXEL,"(1460283470, 61)",0.6133804611269019,0.19092441327586013,-0.16167555434192657,0.0477805594781966,0.0319368865585245,20.941043797783273,0.728766443132006,25.1152,2.292596126645225
planck18,,1.5,1400.0,25.1152,1,0.04,3.0,21.9,0.04,1,0.04,,1.0578864517590616,0.008339749394549782,0.00030633663463456185,-0.01540093287256193,0.4344976780018243,19.880203829641857,4.251925995871597,25.1152,0.3244022939978527,0.004619252913510455,-0.002429894580972527,0.0,0.1316908963931633,-0.2669926891078735,2.1965893588167087,0.0003982699712204874,-0.06699252332955116,0.0,0.933204291191662,0.3244022939978527,0,0.18097340448422747,21.07697999768907,0.8360043820691649,0.8499884858313443,,,2.7673751667052233,-1.140616775744997,,,2,25.1152,0.21033559186928855,-0.6011529183421852,,,0.11406499918079616,-1.065871777988733,0.4511460859736814,,,-0.14655831563181426,1.65617871570305,1,PIXEL,"(1460283470, 62)",0.5080866952025179,0.11406499918079616,-0.14655831563181426,-0.2573154488609994,0.4013310432176332,23.459207296368287,1.1544160926601967,25.1152,1.65617871570305
planck18,,1.5,1400.0,25.1152,1,0.04,3.0,21.9,0.04,1,0.04,,1.4538031352805865,0.18724986108066996,0.023475587329724764,-0.042076738141513394,-0.07710075754255814,22.757307861491775,5.094788054211058,25.1152,0.16893492861881387,0.19108300998181635,0.02061625282073287,0.0,-0.2720771596422129,-0.27511032097661287,1.9143656747667863,0.12019909389562695,-0.020002823121688454,0.0,1.022518299626774,0.16893492861881387,0,0.20735035371557461,22.687352339914312,1.0005321101699909,0.6517521484069133,1.3402905646237044,0.7964313753632317,2.294634025545641,1.5224670674367642,-1.9375213413868986,-0.45845374245885406,4,25.1152,-0.9293634036892838,1.4732665426279175,0.5109648860929902,0.047475825277749684,0.192149091713685,-0.6066202390958675,-0.10389070795164014,-0.8771563583704035,0.5242004226330396,-0.1867313602731122,2.163777364426427,1,PIXEL,"(1460283470, 63)",0.23919295247056782,0.192149091713685,-0.1867313602731122,-0.10339321687959614,0.10974378601969074,24.457210247262033,4.856831239880122,25.1152,2.163777364426427
planck18,,1.5,1400.0,25.1152,1,0.04,3.0,21.9,0.04,1,0.04,,0.4841476448410418,0.01819980032445279,-0.008116678869659775,-0.13742422535646542,-0.13105650324785276,19.71512578214818,4.595629545670282,25.1152,0.3495905233539546,0.012900979931046021,-0.0019183463998908314,0.0,-0.009370381272560359,0.17168137048772403,1.644774727146723,-0.0003721386526584454,0.1189758023775466,0.0,0.598169941633648,0.3495905233539546,0,0.07898852461069035,23.717305242744604,0.4554581038141762,0.5621868357708358,,,7.268782280145827,-4.0210748441067805,,,2,25.1152,0.6566307636328997,-0.33962670279969437,,,0.07758893262854549,0.3809156436895251,-0.3128572326112374,,,0.043409964797193334,2.1380397235882698,1,PIXEL,"(1460283470, 64)",0.4588213941303601,0.07758893262854549,0.043409964797193334,0.014288128590149168,-0.05493737316609019,20.590987139857443,2.8135023231399066,25.1152,2.1380397235882698
planck18,,1.5,1400.0,25.1152,1,0.04,3.0,21.9,0.04,1,0.04,,1.9077194106844613,0.031106225133788943,0.04072230484800626,0.2694140915470973,-0.001477250622217214,17.021960748033276,3.204901704153102,25.1152,0.7082556660113114,0.03174182738166624,0.04490609937909171,0.0,0.15643388374159892,0.18111774642056844,2.0149891566297082,0.22211005935021572,0.031226807277990043,0.0,0.5548122213306312,0.7082556660113114,0,0.08828085837667463,22.190423727301823,0.4999506091875373,0.9210808019551777,,,1.458789652273117,-2.26523009279864,,,2,25.1152,-0.7277994277548528,0.36938814770713124,,,-0.056155496413262534,0.11792265395685048,0.3639162807266148,,,0.0366859761797759,2.2996021340448167,1,PIXEL,"(1460283470, 65)",0.9714488878522893,-0.056155496413262534,0.0366859761797759,-0.24708444872847868,0.26072656570102304,23.72640705845159,2.0545647793110606,25.1152,2.2996021340448167
planck18,,1.5,1400.0,25.1152,1,0.04,3.0,21.9,0.04,1,0.04,,1.1446505175884758,0.04739674918504825,-0.008417826619545111,-0.03580347265830728,-0.05741894540595373,20.11037325266132,3.3173965573263873,25.1152,0.13995652967263056,0.042149964098954,-0.011876493553055412,0.0,-0.37675508182134826,0.5920130553854931,2.024197253627367,-0.022302411018910437,0.00046931946314186237,0.0,0.7051484575471538,0.13995652967263056,0,0.07435582263338397,21.869454198304176,1.1691215675542261,0.8325318673303195,1.4724415150858232,,2.0172029910336047,-0.3538067725533959,-0.3891867988236682,,3,25.1152,0.7090241659033667,0.2921588054122193,-0.13246726635666095,,0.07320879274852499,-0.2557003879113244,0.42987053558134786,-0.329569841294601,,0.05568190727470135,1.839919383211688,1,PIXEL,"(1460283470, 66)",0.4576087793850967,0.07320879274852499,0.05568190727470135,-0.13600139520092544,0.12879607782472258,25.240061723064002,1.739383644435269,25.1152,1.839919383211688
planck18,,1.5,1400.0,25.1152,1,0.04,3.0,21.9,0.04,1,0.04,,0.718258740164083,-0.051341411024337105,-0.09321580252092591,-0.2815966633312047,0.06855384024198388,17.011196239359297,3.120219151184726,25.1152,0.664203450200067,-0.045162136492249705,-0.08521556401519555,0.0,-0.17501967864569992,-0.004042158438610989,2.5744155656715706,0.085750003873665,-0.08933282884073504,0.0,0.985853468686908,0.664203450200067,0,0.10168468647460742,21.689408929352712,0.9543797066361545,0.10046081636805637,1.0853989172045553,1.2864234852188365,1.9943299457196713,0.3054159792063503,-2.8813971092108837,-1.389419435504474,4,25.1152,-1.0066573400477494,0.9824417892537776,0.3738089823301213,-0.15682552580459566,-0.06765483584437956,0.49411221609601624,-0.004284146329727049,0.779231088726415,-0.931634311427144,0.013950226151040246,1.9114843663293168,1,PIXEL,"(1460283470, 67)",1.0127454669283666,-0.06765483584437956,0.013950226151040246,0.14706584652512034,0.20302620606377214,20.35351226653092,1.470120164384278,25.1152,1.9114843663293168
planck18,,1.5,1400.0,25.1152,1,0.04,3.0,21.9,0.04,1,0.04,,0.5664035544939106,-0.04355148907006017,0.040798966351106955,0.27047108356455596,-0.20593656421971365,20.109390363462904,1.9836853400628853,25.1152,0.5975348944668607,-0.04594872867035406,0.04406575074373497,0.0,0.02207916163506959,-0.42002419291522414,1.7115743708256386,0.09481754679441096,0.024237205266132402,0.0,0.8546360396805147,0.5975348944668607,0,0.2159922777614134,23.26659057642861,1.2925779606342604,0.5752297425820083,0.6140015190130543,0.6965795463247308,2.927975186383536,2.4449713468604344,-0.9834100357362336,-1.2303878099366194,5,25.1152,1.0934588558417675,-0.686118817883662,-0.5025738578800584,0.11200152596011186,0.1140716192054485,0.8770845918520983,-0.412100674846511,0.2850851062886866,-0.41646493959040526,0.18913867143629803,2.274392195686643,1,PIXEL,"(1460283470, 68)",1.2671472033700009,0.1140716192054485,0.18913867143629803,0.09408535154789995,0.30765577813239053,23.335776565429676,4.498675736266868,25.1152,2.274392195686643
planck18,,1.5,1400.0,25.1152,1,0.04,3.0,21.9,0.04,1,0.04,,0.5218352763877808,-0.038984530275873876,-0.04255885583744181,-0.2827369281965507,0.34343266495853714,20.850530781933184,2.676079159903782,25.1152,0.4714667689057534,-0.04086283090487807,-0.040636299967930736,0.0,0.22578990948906708,0.12263058533152736,1.9801204094003524,-0.14209958023705926,-0.11027579168415703,0.0,1.0005644384171268,0.4714667689057534,0,0.06887204175364768,21.490928415261656,0.7436154023126631,0.9814223646445535,1.2294883879504939,1.0379464084923071,1.5123399540436044,2.1703922266582794,-1.3161968848906567,-0.9131018211426641,4,25.1152,0.28648860862508185,-0.4875846934575401,-0.8155404634805217,0.6287859519666654,-0.08317977046036146,-1.3632030437005405,1.1331338430150806,-0.2082686893445665,0.19876320369840794,-0.09497445196055701,1.8365958756370202,1,PIXEL,"(1460283470, 69)",0.1743021665815126,-0.08317977046036146,-0.09497445196055701,-0.1934201924362243,0.5264776292554525,25.99908520096514,1.9572790107084115,25.1152,1.8365958756370202
planck18,,1.5,1400.0,25.1152,1,0.04,3.0,21.9,0.04,1,0.04,,1.2609978349604531,0.012138331382973506,0.06087484342733949,-0.2502224914385548,-0.33970458626180916,18.036549793291908,4.92087328387565,25.1152,0.2850046768692164,0.008955521894569019,0.04918171734939689,0.0,0.3720014129506856,0.014878582332568944,1.7322888089493809,0.1043707499823387,-0.029403441717044076,0.0,0.6895781934557239,0.2850046768692164,0,0.2745709790314625,23.671381660056415,1.0109030054952284,1.0546823938850254,0.8887871113985978,,3.106794517903723,-1.988120679807938,0.6067796437417796,,3,25.1152,-0.3343296681081215,0.12453599783422768,0.06576327454573151,,-0.16141232878793163,-0.8937603527223618,0.1174971653858574,0.08575727280078689,,-0.16614133757069516,2.254573928514679,1,PIXEL,"(1460283470, 70)",1.0218970832140362,-0.16141232878793163,-0.16614133757069516,0.14476245978317534,-0.36431077176201404,23.828980771990285,3.231077392312518,25.1152,2.254573928514679
planck18,,1.5,1400.0,25.1152,1,0.04,3.0,21.9,0.04,1,0.04,,0.7533056106537486,-0.04229205245173037,-0.13179671267970552,-0.27534528117130475,0.20112741293380157,21.895724857825098,4.361765124499537,25.1152,0.7248072130931666,-0.03273522483309232,-0.13165732315070056,0.0,0.06126875240707457,-0.1147035355312676,2.1361560372551183,0.16303201732517708,0.08391075814885968,0.0,0.9481676843967405,0.7248072130931666,0,0.08905094104237829,20.492547559815616,0.86829608449826,0.3803052845124041,0.5035425034906498,0.6555490114906192,2.0671278773834847,1.271626535762688,-1.0925342121549813,-1.2012846237549588,4,25.1152,1.0588555431303381,-1.024731767295105,-0.6050457802998332,0.15390106414379703,0.04621082191287282,0.39266287219693247,-0.468927821866745,0.4960037259670827,-0.8923187769937039,-0.09045548091376872,2.323472534969569,1,PIXEL,"(1460283470, 71)",0.573252421766171,0.04621082191287282,-0.09045548091376872,-0.15325257969375103,0.03643841696500656,25.638265463325627,4.6060588269839045,25.1152,2.323472534969569
planck18,,1.5,1400.0,25.1152,1,0.04,3.0,21.9,0.04,1,0.04,,0.9595128244758224,0.14459645722878706,0.02101359665817596,0.1371340191081788,-0.08147739765343921,19.65119289623283,5.41691247773756,25.1152,0.794568227548186,0.1458484297907789,0.01923141646224865,0.0,-0.12128682423180497,-0.07492884902319517,2.1683291349334737,-0.2658982358911109,-0.02053590724859176,0.0,0.6723935724992897,0.794568227548186,0,0.1361619804390166,22.033248892285002,1.2884129766477517,1.2837710638154838,,,2.751012357394897,-1.970865265993284,,,2,25.1152,0.03629781423415704,0.577678892972221,,,0.1133410684730164,1.0254115618034576,-0.2670051001819765,,,0.1514560600701313,2.2493396350809474,1,PIXEL,"(1460283470, 72)",0.548281244652413,0.1133410684730164,0.1514560600701313,0.15739597073688874,-0.06666913553021227,23.674978427299358,6.969588353728998,25.1152,2.2493396350809474
planck18,,1.5,1400.0,25.1152,1,0.04,3.0,21.9,0.04,1,0.04,,1.01611108468954,-0.009691939767245536,0.007283283663773628,-0.26211173382451936,-0.1886473002572846,20.18900910220509,1.4834257831736612,25.1152,0.8224080750232461,-0.004497770176086885,0.009826784420581009,0.0,-0.12332118305625064,-0.21461844371097893,2.197916215831867,-0.1301701910304042,0.02844292696139483,0.0,0.9481728702326364,0.8224080750232461,0,0.22526248517101022,22.674205138107737,0.8841547632747389,1.0161912146141872,,,1.8193980394924059,-2.774747888609671,,,2,25.1152,-0.5725802878945079,-0.22702240803576837,,,-0.11023139517562269,-1.1084179708267363,0.8069928618178458,,,-0.1890791927894494,2.532242669705413,1,PIXEL,"(1460283470, 73)",1.8694955973186467,-0.11023139517562269,-0.1890791927894494,0.2648486703578824,-0.17631335574271456,22.87196865603822,2.800795296999919,25.1152,2.532242669705413
planck18,,1.5,1400.0,25.1152,1,0.04,3.0,21.9,0.04,1,0.04,,1.7490284636717983,-0.17490906807267456,0.10857742578175851,-0.02459400435899583,0.18378394711868704,18.95816691107965,3.0198458382093265,25.1152,0.5860924163291477,-0.17458587708439785,0.10819473347321025,0.0,-0.12933615932964448,-0.15209780978299126,2.0308099578021572,0.19221114791408425,0.003480410579140166,0.0,1.2738163544181003,0.5860924163291477,0,0.30276347809187293,22.018428073137667,0.915411355579771,1.1156729717381901,1.3838018770688123,1.217368718433051,1.8050403831796749,4.20667378968862,-3.9192070684478195,-1.0166694645481924,4,25.1152,1.7132813090665495,-1.3184890578062887,-0.4221858583365422,-0.5387496200710914,0.08761609106974033,0.024980591273532613,-0.6072178243878357,-1.028395036432477,0.8610376221324895,-0.04318509200688575,1.3886365230641444,1,PIXEL,"(1460283470, 74)",0.9153311157655756,0.08761609106974033,-0.04318509200688575,-0.10455549363247302,0.3870686193102899,22.96895708224438,2.607584949095221,25.1152,1.3886365230641444
planck18,,1.5,1400.0,25.1152,1,0.04,3.0,21.9,0.04,1,0.04,,0.7603161049463794,0.007443464500552872,-0.009737417795739396,0.42508177468497,-0.40108611404941946,19.756147358509462,3.0223249000544268,25.1152,0.3996934676249764,0.008792226344356557,-0.016707727209484505,0.0,0.11802795883546303,0.08585748846696241,2.023657992618109,-0.15897904851447217,0.07590251493375108,0.0,0.7582903807423752,0.3996934676249764,0,0.1464771721095431,19.720935630675243,0.6594988385949849,1.216315266769652,1.3078264017262033,0.4785533688330359,1.4919844746044308,5.9427162183269795,-5.1734074067555245,-0.5630391448852315,4,25.1152,0.2838340293735194,0.2823338249487453,0.6248956996907954,-0.5163545159169999,0.11676801940124554,1.0194600871604218,-0.7577754450280197,-0.3473687369420702,-0.15191919018811573,0.082271008198403,1.7647024339762842,1,PIXEL,"(1460283470, 75)",1.2585671190787766,0.11676801940124554,0.082271008198403,0.10122680545473202,0.3668562657942725,24.223651950120466,1.598367032346602,25.1152,1.7647024339762842
planck18,,1.5,1400.0,25.1152,1,0.04,3.0,21.9,0.04,1,0.04,,0.09437980417887581,-0.018442410591743764,0.13232484706973666,-0.06493013677128816,-0.12929189605524535,21.979904985997475,5.170352874129621,25.1152,0.4390730695579448,-0.016812302402083618,0.12424387504610493,0.0,-0.021446252559326605,0.15215756983057813,1.9577225093338675,-0.1547568859993179,0.038532965237204723,0.0,1.0004219592610817,0.4390730695579448,0,0.11423961127901135,22.018323419932468,1.3176078241348805,0.4528663174550255,1.46557612896899,1.0817840507635301,4.986442113209921,2.718560413462601,-8.876457740079337,-2.0826815983446596,4,25.1152,0.14471230110594377,0.6153545024532932,0.9484304078958664,-0.7197168391243665,0.0883482670875943,1.376105897658677,-0.7423521278773383,0.13663450724108128,-0.1645449921415322,0.16887506828341642,1.5292537359961706,1,PIXEL,"(1460283470, 76)",0.014940235553163594,0.0883482670875943,0.16887506828341642,0.4800629391349731,0.20028080452370642,25.24266464868732,4.152190948812588,25.1152,1.5292537359961706
planck18,,1.5,1400.0,25.1152,1,0.04,3.0,21.9,0.04,1,0.04,,1.1624592772314384,-0.01250012206593999,0.04340933003178065,0.03912189956772534,-0.201977206835903,21.578618861331886,5.012153504037075,25.1152,0.3468191096123727,-0.0017481817332487808,0.04339469154326428,0.0,-0.10964340382353024,0.15993200256197873,1.4469045924587256,-0.1300138855290258,-0.11967436266391257,0.0,0.6426966868708621,0.3468191096123727,0,0.1761139599226478,20.040739391743273,0.7962306069355846,1.1302517698460222,1.0882311290179278,0.6940355336559902,3.2341736714660794,34.63716746120807,-26.068579095528342,-8.33039571483055,5,25.1152,0.8851405030925055,-0.4094957506684051,-0.3948511245801177,-0.023985324033905082,0.10124802620281209,-1.172284949488681,0.3695031053285293,0.18674656281394336,0.3018754471644066,-0.09946155798901102,1.2855333613683206,1,PIXEL,"(1460283470, 77)",0.25230443602934804,0.10124802620281209,-0.09946155798901102,-0.055552232581789214,0.11906458712355962,26.585236531694054,3.4592497103727586,25.1152,1.2855333613683206
planck18,,1.5,1400.0,25.1152,1,0.04,3.0,21.9,0.04,1,0.04,,1.482729494179777,0.09829472476901331,0.18483541391386682,-0.02800163929319806,0.3132267517039402,21.781155159990835,6.061707176035711,25.1152,0.6519860003197494,0.08958655540248377,0.18069362514042642,0.0,0.007891727077336548,0.20544779506702926,2.3620307452525053,-0.04924775781378004,0.0364997859960972,0.0,0.9641476629229391,0.6519860003197494,0,0.3791963163790601,21.21390993134915,1.0232891184883988,0.9678577409420543,,,3.507846220144533,-0.7518959832404101,,,2,25.1152,-0.6280226146037691,0.6218231634058656,,,-0.18405950477990338,-0.8610691549305933,0.6223018258187071,,,-0.0818090988494507,1.7727703794417964,1,PIXEL,"(1460283470, 78)",1.240499408535366,-0.18405950477990338,-0.0818090988494507,-0.09485539998760247,-0.269648703072329,23.31466688125,3.4037557250800146,25.1152,1.7727703794417964
planck18,,1.5,1400.0,25.1152,1,0.04,3.0,21.9,0.04,1,0.04,,0.975225651752355,-0.06605592926703108,-0.04894372036667886,0.280609318768035,0.040839396757968605,22.11621745604351,6.172394325347704,25.1152,0.1735526166701747,-0.05422810438617042,-0.044892766222829776,0.0,0.23115862233615236,-0.1545894616015785,1.8797489694168623,-0.06725218786417553,0.002308881212187405,0.0,0.6592623265984419,0.1735526166701747,0,0.22749002991942135,20.77200296462117,1.0102682082008405,1.3739164242464788,,,2.171983356822432,-1.6708716879329608,,,2,25.1152,-0.04444139927516228,0.22304791605861835,,,-0.12296251030085958,0.9825401919816606,-0.2782491544903398,,,0.17196501011063253,1.9264171764713123,1,PIXEL,"(1460283470, 79)",0.4275000903366305,-0.12296251030085958,0.17196501011063253,-0.37349938441365355,0.0979510136940789,24.261786626910915,5.993341506017086,25.1152,1.9264171764713123
planck18,,1.5,1400.0,25.1152,1,0.04,3.0,21.9,0.04,1,0.04,,0.9625976915235421,0.051776131147116045,-0.12424275521928653,-0.18127239853155722,-0.514025431081123,17.557622249727643,3.9902416044103353,25.1152,0.6083429803294875,0.05017789426855324,-0.1164863363509215,0.0,0.16314476904025654,0.07085594646988506,1.8593116270946628,0.13940574314646237,0.1886777475076843,0.0,0.8240572042000582,0.6083429803294875,0,0.08932802175905032,23.35740084115787,0.9651758052943176,1.3447849116395407,1.410730845703783,1.2374672826309538,3.5670040954046334,12.729233818487927,-10.287528843204946,-4.6339303784430514,4,25.1152,0.9164812505671376,-0.7503871250847647,-0.7143833087630297,0.2153994209957549,0.11405971518543423,0.6513962371493909,-0.534231185637317,0.04484674549591319,-0.7303152903084544,-0.05404749885590632,2.690144925996382,1,PIXEL,"(1460283470, 80)",1.0624745943712552,0.11405971518543423,-0.05404749885590632,0.08532887465117729,-0.24361165062954337,26.324897291900353,4.315503375416899,25.1152,2.690144925996382
planck18,,1.5,1400.0,25.1152,1,0.04,3.0,21.9,0.04,1,0.04,,0.29808653898630455,-0.08925669535165741,-0.01987465197097136,-0.2490148233423896,-0.27988851621911776,18.95928978862711,3.121393266025969,25.1152,0.6136782177232737,-0.08360558498709161,-0.023143892101097074,0.0,0.04237582673819394,0.14013257456110012,1.661721489623937,0.1672701147816208,0.30616270919224625,0.0,0.6260993992801566,0.6136782177232737,0,0.18473867898885438,23.204705997773097,1.1107689453736158,0.9038877691240224,0.9272740520014038,1.100166421953119,4.228510212364492,11.065959435898462,-10.103487285788727,-1.8211733353219997,4,25.1152,1.0759153449823795,-0.5235341964626352,-0.18936304659191763,-0.24725247553702276,0.0802560008485329,0.31098377070814,-0.7244305199244252,-0.6946513265949225,0.13890550820672803,-0.10845368170335337,2.294314847513215,1,PIXEL,"(1460283470, 81)",0.35813981877680645,0.0802560008485329,-0.10845368170335337,-0.28020715764704807,-0.27525844288495,25.646409105052456,3.7071445192413357,25.1152,2.294314847513215
planck18,,1.5,1400.0,25.1152,1,0.04,3.0,21.9,0.04,1,0.04,,1.5701368557352957,0.060766422474586586,0.06762638916658872,-0.021294529960009308,-0.09882542058285494,19.879686840344842,3.3886153698972947,25.1152,0.2561493927715587,0.0608022287753951,0.0712501189656974,0.0,-0.17621899501280833,0.688896093940137,1.9694352445083037,-0.1296801312044662,-0.10618850630616876,0.0,0.8344565250224599,0.2561493927715587,0,0.259355590582502,22.510138162832227,0.7192099774956083,0.7204028657731265,0.8219524689091391,0.9457825009647952,1.0034559228442823,1.4599095067278023,-0.5451899764914715,-0.2379529539999156,4,25.1152,0.8093900113256223,-0.4807007867958491,-0.33266758624090026,0.2330095702897752,0.18989153746691162,-0.9725682905339451,0.4872331713152627,-0.22245651939702307,0.35497436619871764,-0.15369714762793063,2.179356205387117,1,PIXEL,"(1460283470, 82)",1.177801301839263,0.18989153746691162,-0.15369714762793063,-0.13714815520995388,-0.04418672014460794,25.319047108967744,4.095489652100422,25.1152,2.179356205387117
planck18,,1.5,1400.0,25.1152,1,0.04,3.0,21.9,0.04,1,0.04,,1.6939079618627044,-0.018952455599947828,0.10468015975488329,0.13916891991333658,-0.1314597500660268,20.118063248753305,2.8191239518780744,25.1152,0.766030160369283,-0.01654125408682608,0.1130158870018748,0.0,0.2854662112267682,-0.15179254372731069,1.9355428143672675,0.13609437431300198,-0.07242985167005536,0.0,0.7574051363470615,0.766030160369283,0,0.16432692020290135,21.929662064490042,1.1445998843791294,0.7714764867512062,,,4.597016146135839,-4.127259369059718,,,2,25.1152,-0.47386508528176563,0.452404635425448,,,-0.10530265337862753,-0.6458199669520664,0.41909977333938675,,,-0.025276378505391023,2.154426972644727,1,PIXEL,"(1460283470, 83)",0.3545550178324973,-0.10530265337862753,-0.025276378505391023,-0.5287912701786749,0.3045150525839039,23.846878745993084,1.571829404853136,25.1152,2.154426972644727
planck18,,1.5,1400.0,25.1152,1,0.04,3.0,21.9,0.04,1,0.04,,0.40081603950065126,0.15087011719767532,-0.013661803342120415,-0.2643102612555599,0.18196357040255495,19.856544483513336,4.082375059890729,25.1152,0.5137555769221955,0.1465068820285083,-0.022372884000639377,0.0,0.24941280320861503,-0.4051874119436942,1.88235301497754,0.10261553565328534,0.19218376316073915,0.0,0.6176304617842766,0.5137555769221955,0,0.3326641328467817,23.258531644859413,0.8102884987072244,,,,1.3353257940042944,,,,1,25.1152,-0.9129164887732079,,,,-0.18611841189194933,-0.6301501444707099,,,,-0.027456104144443577,1.1398944713989354,1,PIXEL,"(1460283470, 84)",0.7862671861956481,-0.18611841189194933,-0.027456104144443577,0.1880361200830056,0.15532498960420973,22.663346672620932,7.9450520437644805,25.1152,1.1398944713989354
planck18,,1.5,1400.0,25.1152,1,0.04,3.0,21.9,0.04,1,0.04,,1.6119370126704782,-0.02332027051816771,-0.12734899533449423,-0.18059231567156353,-0.13430447623067288,18.558035493023958,7.110198408301615,25.1152,0.19070163641242044,-0.02634367501574115,-0.12141974722718211,0.0,-0.09089369053945803,0.10588020451453872,1.9750873666053488,-0.00929092994809941,0.09433317526531784,0.0,1.0209451921864483,0.19070163641242044,0,0.05575790573988462,20.089271809012036,1.168580286163984,0.8994309621231836,0.5599343048176311,0.7310504675165859,9.042489328591095,17.984824225930154,-11.894409066922577,-4.711909787918619,4,25.1152,0.9645656754491522,-0.996435091006934,-0.597449714744426,-0.07387107389280877,0.005064591142770608,0.41494722442105114,0.11743715301544837,0.6732529773388736,-1.0731101879488643,-0.07534953049864974,1.2349244611706343,1,PIXEL,"(1460283470, 85)",1.378433983453431,0.005064591142770608,-0.07534953049864974,0.36849564343364966,0.041475062252207796,26.466102724185887,3.0239911039746596,25.1152,1.2349244611706343
planck18,,1.5,1400.0,25.1152,1,0.04,3.0,21.9,0.04,1,0.04,,0.8354065946287514,0.0184384512518702,0.040383226389496506,0.08417179287292434,0.32179177633691064,20.459473027210233,1.9371022522006636,25.1152,0.5235522970129651,0.02243903395177963,0.044307478069061546,0.0,-0.04271823705080915,0.1892629829368533,1.8267486966508648,-0.19401506419992318,-0.1197492758452678,0.0,0.3720229610618622,0.5235522970129651,0,0.06297470211520553,24.406530651677713,1.1547323073156488,0.8179951807842066,1.1314682852896982,0.7861012816736166,3.1895743386040167,2.3745146033017113,-2.296255559007168,-0.8447189963087367,4,25.1152,0.33447455092970435,-0.11417080638757775,0.29059603792586625,-0.16610311428093422,0.08452146094565782,-0.38306639959109756,0.5491295107648688,0.23421618939222852,-0.0644576534603949,0.05487087548886249,2.119838478492776,1,PIXEL,"(1460283470, 86)",1.7526999549201379,0.08452146094565782,0.05487087548886249,0.20105585856412245,0.04993279014448444,25.414413908898272,4.991245919282627,25.1152,2.119838478492776
planck18,,1.5,1400.0,25.1152,1,0.04,3.0,21.9,0.04,1,0.04,,1.3493677461015952,-0.06329263520677018,-0.026726492390326168,-0.07307645961591204,0.17383892474331686,20.433495905234643,3.205643372054919,25.1152,0.5093243864669508,-0.06367807559531273,-0.02944499545712496,0.0,-0.23078686001213775,-0.23619984124009832,2.099656078741042,-0.13731909490476774,-0.132889107291706,0.0,0.7321399132168368,0.5093243864669508,0,0.194338736545582,20.403480432891996,1.1132901107418285,0.5930849320350213,,,4.010746216813564,-1.56551174524702,,,2,25.1152,0.16629295566362995,-0.12282025889666189,,,-0.001927466344797013,0.8763386151126848,-0.5866215078587396,,,0.15482222023607223,1.4689949655469134,1,PIXEL,"(1460283470, 87)",1.104661319057068,-0.001927466344797013,0.15482222023607223,0.015591981396322936,0.4179880697466917,26.577358927601843,6.8598869087448655,25.1152,1.4689949655469134
planck18,,1.5,1400.0,25.1152,1,0.04,3.0,21.9,0.04,1,0.04,,2.1864790537764964,0.015024999093553457,0.00389890431863657,0.38762981293263965,0.19077794824802483,21.38089223372303,8.95532653858035,25.1152,0.3479976159620618,0.0072307899717868164,0.004608471056698044,0.0,-0.06298835659781228,0.25542867911944117,2.2680740920128413,0.38917963268212064,-0.21584469708548035,0.0,0.7578086346948703,0.3479976159620618,0,0.03889458092404057,24.535232472745093,1.2447895872267418,0.880000954182633,0.6587322678890177,0.746237923799578,1.7566024739725383,1.279319992634711,-0.29705031654078096,-0.3168883632479166,4,25.1152,1.2323897078239656,-1.1011671820757267,0.18940524395349229,-0.23242231767860239,0.04597336191109344,-0.36894987942732643,0.3604399972179281,0.5200851702911454,-0.48148346861192554,0.0011731334045316788,2.4418571713324786,1,PIXEL,"(1460283470, 88)",0.11121263250118829,0.04597336191109344,0.0011731334045316788,-0.3192013089590607,0.5464056592496023,24.856369676704016,4.100002455689687,25.1152,2.4418571713324786
planck18,,1.5,1400.0,25.1152,1,0.04,3.0,21.9,0.04,1,0.04,,0.36498167723277575,0.05366560618187433,-0.04034696947600995,-0.14261174425673606,-0.16733778200239827,21.177751230773755,4.440694148073506,25.1152,0.5993757245644851,0.05716371023597418,-0.03937242922790675,0.0,-0.2409679178528483,-0.31879514521200875,2.251364421196718,-0.03037990857337004,-0.1669333671755477,0.0,0.8496427163297996,0.5993757245644851,0,0.07912871261882544,21.73196298145833,1.2810841218875797,0.8295945733437489,0.8351498467081981,1.2693844864163133,8.310420933220959,3.2314330650253136,-3.8114228927565366,-2.952743687425305,4,25.1152,0.8053759035082023,-0.7597177646281473,-0.2134492264124542,0.1830917704237631,0.06299954305603783,0.27384414460094564,0.3685606521062778,0.8245838596519087,-0.8030568302229362,0.03954079029841173,1.619201533350259,1,PIXEL,"(1460283470, 89)",0.8155215632791537,0.06299954305603783,0.03954079029841173,0.39249811008175306,0.1225529117000965,20.571627831910206,3.9429886096514224,25.1152,1.619201533350259
planck18,,1.5,1400.0,25.1152,1,0.04,3.0,21.9,0.04,1,0.04,,0.5633426516052724,-0.039677323448810364,-0.10071340710835988,-0.35309944334138943,0.489630395620811,18.841123761341205,0.659152724783767,25.1152,0.25015527174713215,-0.045525269995469436,-0.09570955079199002,0.0,0.03092038497053159,0.1800104004437715,2.2889869707609223,0.05227410717893841,0.09527934604935431,0.0,0.5181046300506396,0.25015527174713215,0,0.07402601306141202,24.690661151955247,1.3326971670630767,0.8436494115842506,,,6.119467211753225,-2.9628305735154896,,,2,25.1152,-0.5966524383579421,0.27266436559131785,,,-0.0987527920948057,-0.38055426719260427,0.25239685753548374,,,-0.14715545928754495,2.0216856537456875,1,PIXEL,"(1460283470, 90)",0.18585797217175698,-0.0987527920948057,-0.14715545928754495,0.5479819226826697,-0.21236774833177424,23.168311762527598,1.4926230870906887,25.1152,2.0216856537456875
planck18,,1.5,1400.0,25.1152,1,0.04,3.0,21.9,0.04,1,0.04,,1.2242798543987081,0.021899781033838415,0.025074491752836096,-0.2675591787762233,0.005680414352547274,21.08536908400374,2.9439116618932486,25.1152,0.8264063621551813,0.02569910492157389,0.02748987968077238,0.0,0.08459040857790766,0.3015154366738744,2.499872786351003,0.05096404284364856,-0.10391844326946213,0.0,0.6114304366965836,0.8264063621551813,0,0.08171519413291813,24.925448672888656,1.0883319841362988,0.4201018303677524,1.1185484788472526,1.1335694595792751,1.9512440754318958,1.0151161464917644,-1.744133886236257,-0.9680651954757608,4,25.1152,0.4478508061780963,-0.5639964432541984,-0.47484084267180887,0.32905314009315134,0.022857476961167855,-0.5337384974443993,0.27052883146799805,-0.29299897840016403,0.436596429720397,-0.054175891011208094,2.2990665083530457,1,PIXEL,"(1460283470, 91)",0.9361723787409546,0.022857476961167855,-0.054175891011208094,-0.40155447872198213,0.24464866784800496,25.52196872460204,2.3355711549643106,25.1152,2.2990665083530457
planck18,,1.5,1400.0,25.1152,1,0.04,3.0,21.9,0.04,1,0.04,,1.533014731376141,0.002330780477708948,-0.07112715826602697,-0.0025557625137182204,0.04172847571385327,22.86190698900106,3.585452552782338,25.1152,0.6197562363708716,-0.001105016039742339,-0.0748242206398242,0.0,0.35959920681026997,0.11577071981230283,1.6654355788932371,0.04866364470227936,0.21201647626896947,0.0,0.7947585528470618,0.6197562363708716,0,0.10934968671555781,20.62780501695172,1.2018884811639123,0.8280980425669169,1.3885415060541964,0.9896604659492251,4.558731543831971,3.241708079699867,-4.150503248504842,-1.441901864571285,4,25.1152,0.09102286723686182,-0.6063209349858732,-0.7387583115214548,0.36414708973667065,-0.09490594238032823,0.9431778050433084,-0.9580475292173491,-0.04786494563290244,-0.1311239223179995,-0.018621549863084258,1.9861162004213393,1,PIXEL,"(1460283470, 92)",0.30279558856210786,-0.09490594238032823,-0.018621549863084258,0.036091981762575866,-0.3728996338119004,23.987761152298106,3.0291631911546864,25.1152,1.9861162004213393
planck18,,1.5,1400.0,25.1152,1,0.04,3.0,21.9,0.04,1,0.04,,0.46119384901494276,-0.06054825081081457,-0.0908966587110076,0.08458487878122878,0.1593967237128358,20.428190030360454,4.511136032494743,25.1152,0.2909840247152686,-0.05232536996974651,-0.08652434622338671,0.0,0.3556720670171534,0.13032543801789356,1.5317475795454811,0.05671893376326228,0.3925905912966467,0.0,0.9079073014108336,0.2909840247152686,0,0.25046135566661637,23.29060430487619,1.1659471372787398,1.2212634678561571,,,7.204436039993089,-4.6239920749190215,,,2,25.1152,-0.5124488695505182,0.3725472213882584,,,0.17751052998154015,-1.3018532628505692,-0.5709356806777497,,,0.013006301197101028,2.491350785425216,1,PIXEL,"(1460283470, 93)",0.4895317702321058,0.17751052998154015,0.013006301197101028,-0.03807450712931133,0.4134072823417161,22.73681610396013,4.428895828894686,25.1152,2.491350785425216
planck18,,1.5,1400.0,25.1152,1,0.04,3.0,21.9,0.04,1,0.04,,2.4842878517988716,-0.11011230788762552,-0.057794320422889,0.3975080886011258,-0.10330144968057829,21.880054916675622,6.830030411948039,25.1152,0.5849719374325808,-0.10770054318889986,-0.055007535640161885,0.0,-0.010129942468414038,-0.22817930227767758,2.117035186899914,0.03490634806281874,-0.1647965727446589,0.0,0.9355465605441756,0.5849719374325808,0,0.3260581702947238,20.238734304171984,1.1443160052565144,0.83810185741977,,,3.1456213377240547,-1.728306750384612,,,2,25.1152,1.1374410677337015,-0.7119110085295343,,,0.18764315986600127,-0.6196855395745958,0.2914261650325145,,,-0.19315972520573285,2.2698494292209954,1,PIXEL,"(1460283470, 94)",2.7085779371888394,0.18764315986600127,-0.19315972520573285,0.03270951691691481,0.20541154133154724,24.30797834327765,1.2724713463697208,25.1152,2.2698494292209954
planck18,,1.5,1400.0,25.1152,1,0.04,3.0,21.9,0.04,1,0.04,,0.7244281394940484,0.022356957585545487,-0.03926756264479211,0.41464743974966906,0.18082575412769583,22.202433575823363,1.7652562610816145,25.1152,0.495214787919791,0.02024785074049956,-0.041249457994112025,0.0,-0.0049384502538621896,0.17311755033511808,2.178502404878076,0.251244159098962,-0.17856347147156218,0.0,0.8224712068829253,0.495214787919791,0,0.035108177600130845,21.079239472602914,1.3752856755544298,0.5164202852158852,0.8728943068338325,0.7846020146664558,2.366279627409203,0.9105564208308681,-0.755112268968499,-0.5743815975098164,4,25.1152,-1.0333824788188333,1.083543063901988,0.32886858582444295,-0.23372990754728398,0.007496345336259008,0.43452455803415957,-0.4117486462128432,0.5442834482913593,-0.5992430727564588,-0.008538859645442931,1.4769275795301704,1,PIXEL,"(1460283470, 95)",0.6216154815275456,0.007496345336259008,-0.008538859645442931,-0.35790085286691287,-0.10804689658861666,23.324729217026405,6.760705553664114,25.1152,1.4769275795301704
planck18,,1.5,1400.0,25.1152,1,0.04,3.0,21.9,0.04,1,0.04,,2.3333430964009008,-0.1400217099104743,-0.04072920306752712,-0.24014334372538698,-0.16554087737554735,19.4309764202199,1.6300341143026262,25.1152,0.278666563485797,-0.13973137842572744,-0.045226853035787655,0.0,0.337614383426886,-0.2991869972111519,2.204783133284441,0.16162146141931763,0.13882212284713505,0.0,0.6897529930798709,0.278666563485797,0,0.357051231050213,23.79736347253904,0.8780191270608253,0.9670509472563767,,,1.5199118477920857,-0.24226937721492478,,,2,25.1152,0.8868204863289902,-0.4343358039117924,,,0.18875206742249628,0.19247578764273235,0.10703078631323962,,,-0.18517043952030524,1.9676462331100322,1,PIXEL,"(1460283470, 96)",0.9470715446357632,0.18875206742249628,-0.18517043952030524,-0.32746838713859727,-0.05890580932349413,23.692239201641126,1.4971782949875325,25.1152,1.9676462331100322
planck18,,1.5,1400.0,25.1152,1,0.04,3.0,21.9,0.04,1,0.04,,0.48681458677407596,-0.025450747727503446,0.06027831900153173,-0.009462962161778367,0.3673514892652299,19.335061964649032,0.6896682857813063,25.1152,0.6183814479694388,-0.02647937792497451,0.060212770978314706,0.0,-0.14566227747289562,-0.09818057641156808,2.1585236051166827,-0.29272684320356473,0.1626017040493204,0.0,0.9912037294579863,0.6183814479694388,0,0.05995246462961905,23.882639519613218,1.3215713812669265,0.5870522814804096,1.513451570244817,1.1313904012864129,2.517430152121944,1.3228495091446202,-1.7891849718919668,-1.2924680257794072,4,25.1152,0.49885859472398747,-0.4670360342237557,0.620833941615561,-0.7632653155532713,-0.004245738016277423,1.438756036859687,-1.1364990199437786,-0.4129929853542031,0.2757652791172752,0.11589008477465473,1.7428030591529602,1,PIXEL,"(1460283470, 97)",1.4034105668494963,-0.004245738016277423,0.11589008477465473,-0.4612689414701845,0.39694581685273617,25.519643282173654,4.389639157933598,25.1152,1.7428030591529602
planck18,,1.5,1400.0,25.1152,1,0.04,3.0,21.9,0.04,1,0.04,,0.49104591092273375,-0.0785871827343612,0.033248721121523224,0.16988437454869793,-0.17341633810203969,20.295511820490066,5.408407865270341,25.1152,0.382159424231791,-0.0764881837322552,0.026498014674753153,0.0,-0.3774867958741038,0.1887922367508313,1.8702749141227208,-0.2594449737265041,0.08555659619725363,0.0,0.6772812328767839,0.382159424231791,0,0.22400351560431744,22.114227222737586,1.390695592037238,1.2703609259516586,,,4.992457219594566,-1.9396962098537045,,,2,25.1152,0.1535304699843334,-0.05961736848622282,,,-0.04345177400390984,-0.9934986736855451,0.40273314194717846,,,-0.1950559756647453,2.306861276116278,1,PIXEL,"(1460283470, 98)",0.7150103458458771,-0.04345177400390984,-0.1950559756647453,0.0908370132048997,-0.008927814049038247,25.97952914461699,4.077196290323219,25.1152,2.306861276116278
planck18,,1.5,1400.0,25.1152,1,0.04,3.0,21.9,0.04,1,0.04,,0.9103753794212394,-0.0442002128455532,-0.1127874919193799,0.41143930886319324,-0.2774324758804252,21.881902145779584,4.237582381582388,25.1152,0.611887054464078,-0.04896648852736948,-0.10651273983941686,0.0,0.04949558135816609,-0.21557015715668118,1.686096483870903,0.11283225571281585,-0.16436682143105302,0.0,0.7401836428935707,0.611887054464078,0,0.2752408225198961,21.079971944497924,0.8105260536813121,,,,6.2008179304490145,,,,1,25.1152,-0.5552065993997952,,,,-0.10352196789203304,0.8958187971856053,,,,0.16326718908918364,1.6975999294533968,1,PIXEL,"(1460283470, 99)",0.5306864183734497,-0.10352196789203304,0.16326718908918364,-0.19520333365938225,0.03460552812492252,24.256805171478227,4.743169441060224,25.1152,1.6975999294533968
