cosmology_parameters_cosmology_name,detector_parameters_background_noise,detector_parameters_ccd_gain,detector_parameters_exposure_time,detector_parameters_magnitude_zero_point,detector_parameters_num_exposures,detector_parameters_pixel_scale,detector_parameters_read_noise,detector_parameters_sky_brightness,main_deflector_parameters_M200,main_deflector_parameters_center_x,main_deflector_parameters_center_y,main_deflector_parameters_dec_0,main_deflector_parameters_e1,main_deflector_parameters_e2,main_deflector_parameters_gamma,main_deflector_parameters_gamma1,main_deflector_parameters_gamma2,main_deflector_parameters_ra_0,main_deflector_parameters_theta_E,main_deflector_parameters_z_lens,psf_parameters_fwhm,psf_parameters_psf_type,seed,source_parameters_R_sersic,source_parameters_center_x,source_parameters_center_y,source_parameters_e1,source_parameters_e2,source_parameters_mag_app,source_parameters_n_sersic,source_parameters_output_ab_zeropoint,source_parameters_z_source
planck18,,2.3,15,27.79,460,0.2,10,20.48,,-0.05143485272454047,0.01734817183618443,0.0,-0.12296726147793631,0.04545153952876943,2.0011732344131627,0.055758440239040086,-0.02899775749115371,0.0,1.5296560958126055,0.26192232808612337,0.71,GAUSSIAN,"(581627954,)",0.4318711021609029,-0.21450124466621112,-0.6730328717736715,0.0005438337260526696,-0.2545957383723593,25.33282270465911,2.8303247310128214,27.79,2.9992643532713963
planck18,,2.3,15,27.79,460,0.2,10,20.48,,0.02905545132874568,-0.012808576114574156,0.0,-0.043742844350455556,0.05211568817134798,2.0393302722643494,0.06118639355175503,-0.046235546467920524,0.0,0.9175828987256998,0.4341657334996771,0.71,GAUSSIAN,"(581627954, 1)",0.0996166485877541,0.27932411105961263,-0.056569975632338676,-0.05728865596983452,-0.036473361898954594,25.022201005054846,2.7288462216576654,27.79,1.710459274674606
planck18,,2.3,15,27.79,460,0.2,10,20.48,,-0.04356232427102598,0.27864812471373673,0.0,0.10941607826636689,-0.0850113054627226,1.9487962956024723,-0.007339919121704754,0.014618698781483919,0.0,0.9113766628194101,0.6459575745606989,0.71,GAUSSIAN,"(581627954, 4)",0.3035489893068637,-0.052784378412731765,0.8839129715714696,-0.08535440592221577,-0.13410566778358884,25.91254675220538,2.4246700150757716,27.79,3.354994717548138
planck18,,2.3,15,27.79,460,0.2,10,20.48,,-0.18141592118123348,0.03445807304890595,0.0,0.03233000087404085,-0.015746590763233797,2.003832613205463,-0.046488559402204546,0.07423339904512115,0.0,1.6091600740411578,0.5489949300167078,0.71,GAUSSIAN,"(581627954, 5)",0.43656122760526755,0.4357130373578058,0.7257056847760264,0.1458227943812167,-0.08134670962062485,26.702393975382215,2.7135923651512424,27.79,3.9501914079426523
planck18,,2.3,15,27.79,460,0.2,10,20.48,,0.1088976234182612,-0.15699344928776554,0.0,-0.13229266629955683,0.08930531741918211,2.130873551799501,-0.04140814965476677,-0.0346582981259506,0.0,1.6221721815486478,0.28797348374655296,0.71,GAUSSIAN,"(581627954, 6)",0.14007091911682423,-0.0023185022126645406,0.2771895548722749,-0.12649255936081352,0.17559013253094796,25.72242423114329,3.119263157578351,27.79,3.1377729512303265
planck18,,2.3,15,27.79,460,0.2,10,20.48,,-0.12825871035356465,0.08007753847683595,0.0,0.07759805848121738,-0.14634453337453554,1.8810484562015708,0.046124881630330794,-0.0010694974621846037,0.0,1.8491099204171755,0.594794399013553,0.71,GAUSSIAN,"(581627954, 7)",0.43257002830496327,0.15704752521154433,0.19548912362378243,0.23871242687179473,0.07656468647066278,27.488674802920126,3.274930860379977,27.79,0.880087051390448
planck18,,2.3,15,27.79,460,0.2,10,20.48,,0.17648964112314658,0.16930677093566715,0.0,0.14133709449281265,-0.04595118753509236,1.915265000740091,-0.08175101454434322,0.04800679064471395,0.0,1.3970072277150019,0.322830966170076,0.71,GAUSSIAN,"(581627954, 8)",0.5661067516176688,-0.12951313677007986,-0.11779327754185286,-0.2340012259772855,-0.10235647393107501,25.304946504758995,4.129670598873795,27.79,1.234830569899089
planck18,,2.3,15,27.79,460,0.2,10,20.48,,0.12780833452479454,-0.20502588787705886,0.0,-0.1877555765134428,0.10388832462513031,2.0106014025610732,-0.005900224849584265,0.06724200135794933,0.0,1.6364342818323947,0.5413815346893596,0.71,GAUSSIAN,"(581627954, 9)",0.42163251598952334,-0.5270420826055376,0.23779530744097663,0.06884908326695337,-0.20648612794450005,26.015913852977267,2.3224739592849986,27.79,1.4798337122344205
planck18,,2.3,15,27.79,460,0.2,10,20.48,,-0.06445304587117312,-0.03560746710879612,0.0,0.15675646028220075,-0.09050046721146734,1.993039304793294,0.0078057489835486734,-0.07742532824636485,0.0,2.06290079444514,0.26271861536892077,0.71,GAUSSIAN,"(581627954, 10)",0.3799563293690684,0.44326520321716395,0.1604339857455523,0.38916558614356905,-0.09768931408383255,26.230263046403362,3.1237507061199636,27.79,2.1860745883758477
planck18,,2.3,15,27.79,460,0.2,10,20.48,,-0.0032123639377554464,-0.06639858605538337,0.0,-0.12793951788070146,-0.06244803389555174,1.961112338097887,0.05276393864985277,0.03414411008999379,0.0,1.13265212413822,0.7035992922852432,0.71,GAUSSIAN,"(581627954, 11)",0.12986376609777417,0.22345952648790177,0.49632803087731886,-0.04111920510976925,0.2732542380982078,27.708458550939632,2.5206816986282115,27.79,2.8906133088659547
planck18,,2.3,15,27.79,460,0.2,10,20.48,,-0.036609272047677444,0.412621079272595,0.0,-0.13591117775312905,0.020382368787767585,1.963722435934797,0.06335528600282804,0.026253335755343596,0.0,1.433068717962337,0.5019303654679581,0.71,GAUSSIAN,"(581627954, 12)",0.31803400929669684,0.15251750897813038,0.08471513053296063,0.1491740717960479,-0.08606081224723919,26.148639070015374,3.5765806345361364,27.79,2.384213010300201
planck18,,2.3,15,27.79,460,0.2,10,20.48,,0.1346491412863324,0.04665431243682859,0.0,0.12038857356578384,0.009946787951224723,2.0198005232091725,0.006202028898702079,0.06887595083228676,0.0,1.8385799742263491,0.8087063234492435,0.71,GAUSSIAN,"(581627954, 13)",0.7139130382485777,-0.2072500732323423,-0.7271950705691204,-0.09186710118626193,0.13543928185888024,25.95504089750282,2.6527616866731463,27.79,1.9998830215241852
planck18,,2.3,15,27.79,460,0.2,10,20.48,,0.16531547232216123,0.03190653922677564,0.0,-0.08709808562433397,0.078234383691007,1.9070850673796593,-0.014433905241129266,-0.020933225319984202,0.0,1.3436039020344241,0.2570375026462871,0.71,GAUSSIAN,"(581627954, 14)",0.5057413612296435,0.2878850929179614,-0.2982345393859267,-0.20436975228383653,0.1538919295517036,24.499859308838044,3.524856180812478,27.79,0.525181491174308
planck18,,2.3,15,27.79,460,0.2,10,20.48,,0.0026203470870940822,-0.08438880633985191,0.0,0.1332194209796906,-0.07999462833327732,1.9314000755461773,-0.00022291155273482761,0.05962766373702501,0.0,1.5826765646005567,0.6587593213030751,0.71,GAUSSIAN,"(581627954, 15)",0.28621662246471274,-0.480366892478814,0.30089591239967156,0.28767060669905425,-0.17133332312548555,25.1686655763993,3.12349317621839,27.79,2.095958954768623
planck18,,2.3,15,27.79,460,0.2,10,20.48,,0.06772833074630677,0.10008989469140948,0.0,0.09859825993518276,-0.10967863531536529,2.0747478895771367,0.024235404966944516,0.013183520697093774,0.0,1.7815637522593346,0.21217188283820781,0.71,GAUSSIAN,"(581627954, 16)",0.25852910256127865,0.3117041904902132,0.1029966146629056,-0.005021817038291478,0.09475088743446983,25.302337066038938,2.3690516236608743,27.79,2.2490756334921183
planck18,,2.3,15,27.79,460,0.2,10,20.48,,-0.11957045452350289,-0.15764667294231685,0.0,0.005934855841085843,-0.06727986004127844,1.9778407752783496,0.03980448016977038,-0.03786641820096259,0.0,1.1164010246558103,0.6903695700765395,0.71,GAUSSIAN,"(581627954, 18)",0.30355206306142835,-0.19830827515316163,-0.35537628779984654,0.017866915807128594,-0.08907807230335427,25.06290877685158,2.514715319885473,27.79,1.9074910792397364
planck18,,2.3,15,27.79,460,0.2,10,20.48,,-0.08067518197735513,-0.033437027778642735,0.0,0.045188604792188246,-0.04595724004083887,2.0550284773101484,0.11492682716317178,0.05096772178277258,0.0,1.3008408891880368,0.18630820849254925,0.71,GAUSSIAN,"(581627954, 19)",0.5290672047703436,0.23267656764647876,0.5179142469099726,0.1579795164158861,-0.16893658721464708,25.229901103176477,2.9736352380447766,27.79,2.3808857848373024
planck18,,2.3,15,27.79,460,0.2,10,20.48,,0.09890126933863788,0.10088743683753613,0.0,0.0962262681222199,-0.1040355939295104,1.9748940122302496,-0.019140909297391265,-0.02177064924611634,0.0,1.2442466748976213,0.4636902501198401,0.71,GAUSSIAN,"(581627954, 21)",0.6876277143674181,0.38046414749504115,0.3627764875261526,-0.21231702689290174,-0.12232846913069895,25.96410539110677,3.265214292139736,27.79,0.8205026605087811
planck18,,2.3,15,27.79,460,0.2,10,20.48,,-0.01945945386473515,-0.2668832525097143,0.0,-0.00975581532808159,-0.12578361381499323,1.9846379604103208,0.005331484909459063,0.05580084103742627,0.0,1.4817447461971582,0.18631089848267263,0.71,GAUSSIAN,"(581627954, 23)",0.9058041400908543,-0.5915562955177727,-0.49347312022022,-0.09253371316579657,0.03654208901267155,25.949326785981278,3.084762956956287,27.79,3.072080560412339
planck18,,2.3,15,27.79,460,0.2,10,20.48,,0.22763016438076286,0.096358802465677,0.0,0.02610010621830069,-0.10659019343778578,2.0157628776007015,0.0279231236531908,-0.004076914907962298,0.0,1.4205985389393114,0.4548970768476263,0.71,GAUSSIAN,"(581627954, 25)",0.4122033197154562,0.8529333589302992,-0.6284337730694646,0.04322770121743468,-0.10743993962920234,25.325999213374665,3.4145974997326984,27.79,1.664607233319122
planck18,,2.3,15,27.79,460,0.2,10,20.48,,-0.15605405550349255,0.21206115680616047,0.0,-0.06758127089300861,-0.10476096286469112,2.056758879610419,-0.03128795406127032,-0.03149092864406967,0.0,0.8607466686811568,0.6323222183438689,0.71,GAUSSIAN,"(581627954, 26)",0.35683172775860467,-0.3184567267433753,0.09931598719835147,-0.36962452169929033,-0.23856116357317983,25.572743758705258,2.9524188878600413,27.79,1.976120365895813
planck18,,2.3,15,27.79,460,0.2,10,20.48,,0.015237861787083265,-0.10997144978684441,0.0,0.22018794039028108,0.1198039301344521,2.0775006745924056,0.014105158027726175,0.05398649147185816,0.0,1.8087905379570506,0.8180323460649921,0.71,GAUSSIAN,"(581627954, 27)",0.11269213928123256,0.5338366784345744,0.5834151051563273,0.14335627950644336,0.16199647839597575,26.777507842249776,2.8935626055303643,27.79,2.5584884738375386
planck18,,2.3,15,27.79,460,0.2,10,20.48,,0.11085833537342964,-0.09948357826616992,0.0,0.05137794288336073,-0.07062952412394219,1.9749743932792159,-0.046341275048377074,0.04967296534105306,0.0,1.5482518454692085,0.5156588011027534,0.71,GAUSSIAN,"(581627954, 28)",0.009644404575969712,0.2871998759316316,-0.24177828897287743,0.004310063320978825,0.0478321894994294,24.512131875015015,2.8067136692477397,27.79,1.8109179098812176
planck18,,2.3,15,27.79,460,0.2,10,20.48,,-0.19971931823380312,0.014783442365591157,0.0,0.16911305040545074,-0.056914812133362594,2.021696292944907,0.0016452071837848735,0.05160590898037424,0.0,1.6208174566039648,0.5786298508840051,0.71,GAUSSIAN,"(581627954, 31)",0.09378802738183037,0.7082489522958247,-0.16684249056584324,0.03724152779504254,-0.2852493563563876,24.744921488531734,2.679522703139228,27.79,2.1656569133123704
planck18,,2.3,15,27.79,460,0.2,10,20.48,,0.09225912624628584,-0.07424899166863216,0.0,0.038882827979859994,-0.08091569232349002,1.907580792675927,0.052921845776659315,-0.011431660057322995,0.0,2.045843469548008,0.23988482768920666,0.71,GAUSSIAN,"(581627954, 32)",0.4031999586700661,0.5842993146138973,-0.21765240760879873,0.07134114934629082,0.19726130195523803,24.6562556468695,2.9313701976061104,27.79,2.9266195872820537
planck18,,2.3,15,27.79,460,0.2,10,20.48,,0.296717022225251,-0.2620984796365448,0.0,-0.06380930495519622,-0.07855186430835241,1.950696347683956,-0.06058984957463433,0.03372247293033892,0.0,1.3895189604143319,0.5473206682572328,0.71,GAUSSIAN,"(581627954, 33)",0.5204685046618502,0.07784913778870614,-0.1656083288400306,-0.502462725183718,-0.27272829601296605,24.321821788992263,2.232060644396285,27.79,1.7254589708954078
planck18,,2.3,15,27.79,460,0.2,10,20.48,,-0.07557503313306957,-0.08879799518296447,0.0,-0.07425839248554497,-0.08919513501153611,2.0223488052439635,0.01933827587765739,-0.017127160400474996,0.0,1.9107461139117792,0.533936149292227,0.71,GAUSSIAN,"(581627954, 34)",0.3974441964520958,0.25421082174488097,0.6302159116115981,-0.058707222175469524,-0.043862027732214696,26.055909962589002,2.6907953439904095,27.79,2.0274483261244565
planck18,,2.3,15,27.79,460,0.2,10,20.48,,-0.09291322771308164,0.08460849879195172,0.0,-0.060548112753655764,-0.22576943260177473,2.079867655807203,-0.006779898701584266,-0.024062675045656214,0.0,1.6559023730004128,0.7825669929268416,0.71,GAUSSIAN,"(581627954, 35)",0.1179550915981587,0.01828536457881648,-0.06254866565281361,-0.05389707243175867,-0.07574275998341935,27.246492683942115,3.0348006969621024,27.79,1.7344571843385317
planck18,,2.3,15,27.79,460,0.2,10,20.48,,-0.022283338720990864,-0.189692846593475,0.0,0.017265586606997903,0.12839582416911452,2.0372296443723568,-0.06415519786140658,0.03825796066436285,0.0,1.1348321943766813,0.6543465884728946,0.71,GAUSSIAN,"(581627954, 37)",0.5815257423291245,0.5246344009507744,-0.19931448753118258,-0.0949478562810473,-0.11831106828505183,24.92407549161301,2.6407533434296186,27.79,1.1264779051568257
planck18,,2.3,15,27.79,460,0.2,10,20.48,,-0.038119718571637685,0.12674875726641693,0.0,-0.07087220476322108,0.20797410731406282,2.1441765897069613,-0.047419170093096784,0.0853302714951799,0.0,1.6427641344333888,1.0450380143412994,0.71,GAUSSIAN,"(581627954, 38)",0.19036944861254862,-0.6079268051668469,0.3993192572518708,-0.12844667386055644,0.059359644601937926,26.732060615703492,2.151834865180945,27.79,3.1391567167519616
planck18,,2.3,15,27.79,460,0.2,10,20.48,,-0.2681408597860119,-0.0036615238743237695,0.0,0.09516423956103996,-0.19024132308986486,2.003203402043766,0.026565988488895482,0.01049695192203323,0.0,1.0054495733532622,0.362318749132304,0.71,GAUSSIAN,"(581627954, 42)",0.2801411653741512,-0.01200886779475076,0.4139729628149254,-0.24606425101956708,0.09059076220936584,26.724923844406998,3.292070750434338,27.79,1.3185573501078571
planck18,,2.3,15,27.79,460,0.2,10,20.48,,-0.1347031948773453,-0.2042218283985244,0.0,0.02230459355837957,-0.15852339028067255,1.840870386862211,0.03215493872442253,-0.010502469082152091,0.0,1.60126512043607,0.49918742136663635,0.71,GAUSSIAN,"(581627954, 43)",0.4528428919728513,0.3870775055237973,0.26133322056286856,-0.12497363825455296,-0.015225504893716938,24.97363334786811,3.1305094313141755,27.79,2.3910173313640986
planck18,,2.3,15,27.79,460,0.2,10,20.48,,-0.06468969270555217,0.17753351843571522,0.0,0.006338411773574465,-0.08998111302596457,1.9979558756694273,0.04489058709315431,0.07335496107701393,0.0,0.9590144384313972,0.8301036161080355,0.71,GAUSSIAN,"(581627954, 45)",0.022972786510073617,-0.10613153951765364,0.29404222877302166,-0.06968330724915323,0.1814951350754064,24.77608753715648,2.907631130120089,27.79,2.901727451238579
planck18,,2.3,15,27.79,460,0.2,10,20.48,,-0.03561851289334322,-0.09003066201830016,0.0,0.04744190953259273,0.03359992247196813,2.0457464259725966,-0.03784502836884182,-0.022144344640088225,0.0,1.359806677874685,0.6490896059382771,0.71,GAUSSIAN,"(581627954, 46)",0.14035094434345516,0.06797923982735771,-0.19908330148501288,0.0048976519248721895,-0.07225711542768548,26.824315373847522,1.977578694246429,27.79,1.3645986589378318
planck18,,2.3,15,27.79,460,0.2,10,20.48,,0.052082948993438204,0.05322534748877022,0.0,-0.13218823140002386,0.023431873192399873,1.988446264840127,-0.08171526570645848,-0.034550227057104144,0.0,1.7034393536009824,0.37668045881534923,0.71,GAUSSIAN,"(581627954, 47)",0.45392565120361295,0.37592456214832515,-0.10588200036303644,0.43726903939827744,-0.11748852441881083,26.410858816339747,3.2890462523372244,27.79,3.1023271866067117
planck18,,2.3,15,27.79,460,0.2,10,20.48,,-0.05639171456900451,-0.2010298276520963,0.0,0.004723856673953114,-0.02564006503124208,2.1314109701813106,-0.009369326461739375,-0.02812794182559888,0.0,1.4991736780673335,0.14233044365886727,0.71,GAUSSIAN,"(581627954, 48)",0.14038576881361958,-0.2810041880918676,0.15295881156675142,-0.12415744321357831,-0.11105713334630166,24.186628716284336,2.4463816789523274,27.79,1.073828602718546
planck18,,2.3,15,27.79,460,0.2,10,20.48,,0.14919906541466074,-0.4480886831045835,0.0,0.03332793999358299,-0.013074108604350518,2.0113427185256345,0.03847445726136938,0.023144267805589123,0.0,1.4464875840937736,0.32315080870074886,0.71,GAUSSIAN,"(581627954, 49)",0.5252530623780202,0.033894597726378754,0.3337145384592476,-0.18066483566283442,-0.04489556068525787,24.695507259523637,2.7731202558454795,27.79,2.073449316260364
planck18,,2.3,15,27.79,460,0.2,10,20.48,,-0.017631209068945747,0.27096662212680783,0.0,-0.17811363697426988,-0.11484622790996571,1.9907442807417353,0.021869197660171383,0.06213259887328996,0.0,0.9157319199660473,0.4137210549751152,0.71,GAUSSIAN,"(581627954, 50)",0.18744809724606337,-0.08188436144200198,-0.2123582961725352,-0.076414168096692,-0.15906172563907475,25.69163446129129,3.04866742052308,27.79,2.890654446245968
planck18,,2.3,15,27.79,460,0.2,10,20.48,,-0.039659868742774065,-0.09333467043231845,0.0,-0.1690855831697099,-0.13554561553885922,2.154786961521681,0.023298105201477466,-0.018178460775379747,0.0,1.307615168882253,0.7003453770203834,0.71,GAUSSIAN,"(581627954, 52)",0.26238534953932446,0.1710840921503854,-0.49880983246888955,0.16748803382864633,0.06293739229350748,26.733302553451402,2.856634760084095,27.79,2.932739012457132
planck18,,2.3,15,27.79,460,0.2,10,20.48,,-0.03829626958007945,0.2309501673348815,0.0,0.09686364498072834,0.05782417421293029,2.044841327789953,-0.08068093217699282,-0.0183212975428741,0.0,1.9895064676774505,0.6629524803394005,0.71,GAUSSIAN,"(581627954, 54)",0.2993438480236034,0.29729321439301687,-0.45199030127982887,0.021950816158694035,-0.010684776955625258,26.210815308202037,2.884820586594049,27.79,1.5063869219989685
planck18,,2.3,15,27.79,460,0.2,10,20.48,,0.2926224666078344,0.1576760869904021,0.0,-0.01117473453968041,0.18987675060580003,1.894808600433644,-0.05148537030976661,-0.044380197567378314,0.0,1.5421685941637246,0.3722267478684174,0.71,GAUSSIAN,"(581627954, 55)",0.34671199085170484,-0.5232866336450136,0.21236073168774963,0.3283451874021504,-0.04532797628618871,25.762692826171353,2.96175335897642,27.79,2.615975995712555
planck18,,2.3,15,27.79,460,0.2,10,20.48,,0.05845624759725911,0.1622670609573483,0.0,-0.10183936215099468,-0.0243375005756601,1.9865739201664683,-0.02187392191643836,0.035272840533239716,0.0,1.504743820496049,0.11345879787305119,0.71,GAUSSIAN,"(581627954, 56)",0.24046343160884076,0.6321865756767676,-0.022919141978462364,0.013063543132999698,0.3086906004549421,26.82363644161883,2.1693840807948774,27.79,1.3385097436086117
planck18,,2.3,15,27.79,460,0.2,10,20.48,,-0.031728642955467325,-0.04406133316919597,0.0,-0.027173555509626236,-0.17113447995382083,2.1847567841562374,0.00990279878679438,0.004989233362669365,0.0,1.3491420048679257,0.6678747889002414,0.71,GAUSSIAN,"(581627954, 57)",0.11042089444923506,-0.16064341158826514,0.131755313536852,-0.1833051811407081,-0.1881508550881859,26.40363521634602,3.755171227863325,27.79,1.8166376460455491
planck18,,2.3,15,27.79,460,0.2,10,20.48,,0.06917795045980576,-0.0006082582481820063,0.0,-0.16198417618560423,0.03429500901437909,1.9310365423875524,0.04107581246940231,0.04118448804034505,0.0,1.2392000090518958,0.13718748716023044,0.71,GAUSSIAN,"(581627954, 58)",0.33653930929350184,0.35740858039010925,0.18747574901958997,0.3138117801703751,-0.08020869092980394,27.34663774856706,2.8450234828910244,27.79,2.803913609513346
planck18,,2.3,15,27.79,460,0.2,10,20.48,,-0.058125703703413516,0.002319263186225564,0.0,0.06490339283406285,0.013778357428966204,1.9137924952700731,0.012606834660863209,0.03547210773365353,0.0,1.62576428699646,0.30452403057019695,0.71,GAUSSIAN,"(581627954, 59)",0.45842373711211154,0.5272389727484025,0.6302399170822525,-0.26033326996091033,-0.04176761847714989,26.057363498937242,2.8480964143132783,27.79,2.510238285099559
planck18,,2.3,15,27.79,460,0.2,10,20.48,,-0.09689304085764819,-0.0230729275379504,0.0,0.04398878832128193,0.05550053203998361,2.1011572574085102,0.09733549476384917,-0.040313894699983505,0.0,1.2741827573824738,0.9259755765829423,0.71,GAUSSIAN,"(581627954, 61)",0.6467763830902357,0.20972548218642748,0.5610779081205436,0.01913066167413831,0.025799203417593425,27.3390365423577,3.4430667295766493,27.79,2.5763974395539093
planck18,,2.3,15,27.79,460,0.2,10,20.48,,-0.10364376292895701,-0.2441612888805136,0.0,0.0767796447623334,-0.08334052930557753,1.9159640962320768,0.06007662756274609,0.046343867913560884,0.0,1.569340645002233,0.3522150295534049,0.71,GAUSSIAN,"(581627954, 62)",0.5103983923417384,0.23516205421237696,-0.009220189768999909,0.07651907108802465,-0.10097596369979579,25.27890377709195,3.28336091091524,27.79,3.236688975533497
planck18,,2.3,15,27.79,460,0.2,10,20.48,,0.03648753390014682,0.26964466045406915,0.0,-0.03677470988098817,0.027657480703921808,1.7944165430041612,-0.05753309272969879,0.026738652498819484,0.0,1.7106868510162572,0.4866753647565663,0.71,GAUSSIAN,"(581627954, 63)",0.33774727175588987,-0.423491596261614,0.312705954362945,-0.023969482311229702,-0.17873503876347058,24.844181269435335,3.9757539103020187,27.79,1.1916266152997599
planck18,,2.3,15,27.79,460,0.2,10,20.48,,-0.15877212972480892,-0.09047410584516721,0.0,-0.03944303551146492,0.14926780027735162,2.0815767843014403,-0.010861483207989008,0.06524691206783402,0.0,1.386348851692426,0.5208719006138599,0.71,GAUSSIAN,"(581627954, 64)",0.5667909539611815,0.49522447713100715,0.4691029731164022,0.2452763030924341,0.28183580972164096,23.754573645161457,3.3743469570549203,27.79,2.2616763551844734
planck18,,2.3,15,27.79,460,0.2,10,20.48,,-0.09659855150475506,-0.06550135623865047,0.0,-0.08417299594425572,-0.045978185479585265,2.017685564662963,-0.05156001388904089,0.04352447994869139,0.0,1.293958988500469,0.3647686028446993,0.71,GAUSSIAN,"(581627954, 65)",0.34492177778814126,0.5048653658938195,-0.08983286174582482,-0.14166513891765256,-0.2701410269278843,25.84929947486926,3.596923861048588,27.79,2.0288925235787194
planck18,,2.3,15,27.79,460,0.2,10,20.48,,-0.19362271319823318,-0.05477530402439672,0.0,0.12244496151386874,-0.08394691196898962,2.057008413089527,0.042880969447569396,0.07068401022446343,0.0,1.7934507541228313,0.6706350331403759,0.71,GAUSSIAN,"(581627954, 66)",0.4715215857915378,0.29102575184650176,0.45114688228601046,0.23976709178934694,0.47237934241346713,26.478270342431806,1.746852709414905,27.79,1.4989390099276552
planck18,,2.3,15,27.79,460,0.2,10,20.48,,0.08790929021510563,-0.06158108186147605,0.0,-0.06889683946271662,0.2081216617612962,1.9236588842724258,0.027940432310258174,0.06971631466671126,0.0,1.6931454248283513,0.03321042262554258,0.71,GAUSSIAN,"(581627954, 67)",0.23274434776121194,-0.6672718053103832,-0.8400253453487803,0.04710603414581845,-0.11646496385732039,25.560580862397714,2.787764319579701,27.79,2.1137238532898546
planck18,,2.3,15,27.79,460,0.2,10,20.48,,-0.026757302696116078,0.18453322965344293,0.0,0.04582413582241144,0.08506858280196178,1.9467917304846403,0.0016787975846521237,0.01803106207128149,0.0,0.9717336630240363,0.23807374941280038,0.71,GAUSSIAN,"(581627954, 69)",0.3315277527906764,-0.07785834892959749,0.3235485937965295,-0.02755555731948067,0.17687505543166498,25.28820897611586,2.6583426125802903,27.79,2.1344925517366606
planck18,,2.3,15,27.79,460,0.2,10,20.48,,0.20790407029475322,0.40103054053377846,0.0,-0.1981975134388362,-0.0549105409801557,2.1015071202071884,0.05966886011373445,-0.04470732614123215,0.0,1.2322053899972687,0.6293335740756458,0.71,GAUSSIAN,"(581627954, 70)",0.5340972727157822,0.41915407124380866,-0.11253292559397396,0.05386712184173049,-0.10401496851346295,25.68005740713909,3.0397519506957393,27.79,2.0811024814937746
planck18,,2.3,15,27.79,460,0.2,10,20.48,,-0.06473130006534233,0.08695898355400025,0.0,0.029337216685053305,0.07339220725487561,2.096495294526752,-0.020880634310735252,0.051448942510089204,0.0,1.3705444506548083,0.4632702194226228,0.71,GAUSSIAN,"(581627954, 71)",0.3127070836920198,-0.5561331521001552,0.2600355711563139,-0.2106812892336753,-0.19847106686581759,26.554681234569117,2.6114263906827744,27.79,1.6720708928154147
planck18,,2.3,15,27.79,460,0.2,10,20.48,,0.30051359068692196,0.04960120827811372,0.0,-0.07517433465087953,0.0342200916928286,1.9254487905306792,-0.06267708656589213,-0.017702578098024165,0.0,2.1231628196479084,0.756431301619075,0.71,GAUSSIAN,"(581627954, 75)",0.5259362152731029,0.06359586373852587,-0.48173414046931035,-0.11935380149884267,0.037480457890088824,23.977677471310926,4.132926958673272,27.79,3.7913844696570265
planck18,,2.3,15,27.79,460,0.2,10,20.48,,0.3443685850069328,0.024976377714082287,0.0,0.06789199633379256,-0.07653335971325896,2.000777179241138,0.009013609943208553,-0.022930187641323988,0.0,1.0275480624355935,0.8302267543197344,0.71,GAUSSIAN,"(581627954, 76)",0.3258545091050429,0.3715052545631412,-0.26990892018826534,-0.04865035081790032,-0.16028541959959,23.981733837747136,2.4091130312413327,27.79,2.42397862783534
planck18,,2.3,15,27.79,460,0.2,10,20.48,,0.3489534464552363,-0.03608251443080003,0.0,-0.06752521201427582,-0.2442658320052968,2.0260277291775974,0.07285624746486316,0.0408568551194808,0.0,1.7087967241054067,0.5056211603466669,0.71,GAUSSIAN,"(581627954, 77)",0.15202244135687806,-0.06499197525687028,0.19056362740174004,-0.33817809059452214,-0.04235468464317243,25.79495290142152,3.361309512917246,27.79,1.663539929452964
planck18,,2.3,15,27.79,460,0.2,10,20.48,,0.18895613322224186,-0.045395139277153176,0.0,-0.0076060604888473025,-0.03625027188622965,2.0565300780008813,0.02733963940618593,-0.010812316186061084,0.0,1.795407650319277,0.6961153117514771,0.71,GAUSSIAN,"(581627954, 79)",0.38689775563651224,-0.06808636068839806,-0.3704628763794997,-0.17397513860108027,-0.15927251145178706,24.273026128053495,2.461570262186181,27.79,1.8869446600850737
planck18,,2.3,15,27.79,460,0.2,10,20.48,,0.04129761277314199,0.08334956528388361,0.0,0.08266354729581861,0.05152674239647864,2.137830233551598,-0.008614642790684973,0.0553881124070738,0.0,1.1073768253391514,0.331956261456291,0.71,GAUSSIAN,"(581627954, 80)",0.404426256017994,0.24607463690434503,0.5656561359391364,0.22272270341494996,-0.14689857130265063,24.81923532000681,2.5554817638255876,27.79,2.670140997053223
planck18,,2.3,15,27.79,460,0.2,10,20.48,,0.19260106695334833,-0.16095409955556503,0.0,0.12899826876901485,0.12234622871950465,2.076806466553708,-0.015266609955868555,-0.060604806521783496,0.0,1.639555108733032,0.4605317198275797,0.71,GAUSSIAN,"(581627954, 81)",0.6109676336217902,-0.7994210363909051,-0.44479853686176707,-0.004690466136071909,0.11621060181457452,26.06905368541601,3.4411857819290663,27.79,2.8651192433291772
planck18,,2.3,15,27.79,460,0.2,10,20.48,,0.21906414812201033,-0.24638022277458527,0.0,0.09330976191299595,0.2531753968182553,1.9876294910715813,0.00044028896571264093,0.03708718210257377,0.0,1.8970993379250871,0.8083622499667413,0.71,GAUSSIAN,"(581627954, 82)",0.3427283301464902,-0.38352262166524936,0.6255936168333385,0.1754760150584028,0.21851544285028107,26.968265543445376,2.9019136720161045,27.79,1.1216492036025993
planck18,,2.3,15,27.79,460,0.2,10,20.48,,0.1712599688091184,-0.274584662424282,0.0,0.22169665797355634,-0.017546211732203856,2.0992027872256287,-0.014753773728826435,-0.0022140800675188583,0.0,1.4285863247844142,0.2549738123442902,0.71,GAUSSIAN,"(581627954, 83)",0.32589778353937077,-0.21917867407734978,0.27054805430646317,-0.2228918587196161,0.10896011926870061,25.935850231578858,3.4667966192477264,27.79,2.329027679117276
planck18,,2.3,15,27.79,460,0.2,10,20.48,,0.10672550425856749,0.19864056029393193,0.0,-0.1017078484258222,-0.020481924503593273,2.080565594861781,-0.03920924082442104,0.07977395561656048,0.0,1.1922081448392707,0.17993841917782166,0.71,GAUSSIAN,"(581627954, 84)",0.2328743496565282,-0.007914911048426778,0.3419493151656696,-0.31060602382696806,0.15743670676175447,25.49406620101357,3.0070763979011708,27.79,2.7292335439215525
planck18,,2.3,15,27.79,460,0.2,10,20.48,,-0.045539386276274414,-0.04549104190210556,0.0,-0.067064542444448,-0.1055204296267234,2.098897293567959,0.0458277239469415,-0.033711384969874414,0.0,1.409425117430587,0.4189661977939725,0.71,GAUSSIAN,"(581627954, 85)",0.11209454759654278,0.36775313781044433,0.403432714602588,-0.3231335164439568,0.2755824361496998,25.017073080655358,3.2821892916572115,27.79,2.4161231379035137
planck18,,2.3,15,27.79,460,0.2,10,20.48,,-0.2079105487989096,-0.0004371604008848319,0.0,0.018109365366546917,-0.055111680724565903,2.005218962410962,-0.059396127027032425,0.048565867029102094,0.0,0.6733306828027663,0.8444534240431475,0.71,GAUSSIAN,"(581627954, 88)",0.21544853558447655,-0.05804194778497141,0.2929269942801484,0.07036291647059496,0.1454760201757802,25.613305104232772,2.935634268899955,27.79,1.657802533940788
planck18,,2.3,15,27.79,460,0.2,10,20.48,,0.030606153032151938,0.060875637526448825,0.0,0.008557277446896595,0.010566835735745307,2.069925205815043,-0.032476967236225646,0.006597852764110123,0.0,1.5123172594334928,0.6964238550751387,0.71,GAUSSIAN,"(581627954, 89)",0.20716553749117578,0.4754886128658721,0.9285067990137519,-0.05230347828798921,-0.16508006120295476,24.586686934335443,2.9003874658427553,27.79,1.7378776996736134
planck18,,2.3,15,27.79,460,0.2,10,20.48,,0.14960502811024054,0.04396181183918722,0.0,-0.2076204737999107,0.01319636632272013,1.8647461505542655,0.041741750719101876,0.030319317932715768,0.0,1.0550123538479446,0.4756931659466079,0.71,GAUSSIAN,"(581627954, 90)",0.4867202963639956,0.6345621011344894,-0.2844008963985904,-0.1606719417964465,-0.05777553510755419,25.708208620661438,3.3866227402622626,27.79,2.562668227413481
planck18,,2.3,15,27.79,460,0.2,10,20.48,,0.05586905173504006,-0.008131307310375053,0.0,-0.15705162205014614,-0.04500658909630094,2.1335865110874903,0.06669820223322383,-0.030218312325401387,0.0,0.6972629780000322,0.6390877600111199,0.71,GAUSSIAN,"(581627954, 92)",0.19895955999504522,0.0071429871822947626,-0.35257982674080923,-0.33985193809203423,0.07659249684809662,25.06111319753242,2.683638393294797,27.79,3.230660064752665
planck18,,2.3,15,27.79,460,0.2,10,20.48,,-0.056208071718326875,-0.09480566043204598,0.0,0.018132751861431488,0.18105523507828664,1.8222736720177162,-0.02862428153514043,0.00945347506831207,0.0,2.200852456601015,0.25862075320073724,0.71,GAUSSIAN,"(581627954, 94)",0.04625057627870588,-0.2694421512418722,0.006578709841840637,-0.0211016693270591,-0.14887435071340901,25.154315665154865,3.3623853837323145,27.79,2.8799567815979112
planck18,,2.3,15,27.79,460,0.2,10,20.48,,0.13416719196971266,-0.10825219741637022,0.0,-0.03763813229377815,-0.07649245966648219,1.956473328158021,0.04877004118698014,-0.1163196762850693,0.0,1.5156259742874325,0.9213210965246765,0.71,GAUSSIAN,"(581627954, 95)",0.2531669761654236,-0.5727810335396329,-0.372808622449072,0.3371048774895714,-0.010851120025165915,26.75170373480376,2.725809837477836,27.79,1.9453817741628752
planck18,,2.3,15,27.79,460,0.2,10,20.48,,-0.3121368356859328,0.29759735192387043,0.0,-0.10472618829109229,0.006016080750946881,1.9427880556102057,-0.07771332989963504,0.03406464899535689,0.0,1.0599592730960319,0.47332030807250935,0.71,GAUSSIAN,"(581627954, 97)",0.026061257248098962,-0.07085803229367524,-0.5536919783843874,0.052362886568578786,0.10836487498118075,24.29173387934776,2.708794211741724,27.79,0.7438807044693463
planck18,,2.3,15,27.79,460,0.2,10,20.48,,-0.0858831353312005,0.03754517411110039,0.0,-0.0490304437297186,-0.1031120464260541,1.925192248397874,-0.013022617823865826,0.04794468312354594,0.0,1.1273561688912364,0.5894793558057653,0.71,GAUSSIAN,"(581627954, 98)",0.22432419417175908,0.05383565849741284,-0.2659735160216762,0.3512341601005758,-0.07970325009470255,24.34061700314306,3.617273411645747,27.79,2.29784434673137
planck18,,2.3,15,27.79,460,0.2,10,20.48,,-0.08542148962928234,0.07735743656010696,0.0,0.0632008963886149,0.09156903966800416,1.9886194072412986,0.06977993089181836,0.03190502945726694,0.0,1.4828142176096524,0.6413797624303506,0.71,GAUSSIAN,"(581627954, 100)",0.3545750722520467,0.492905478691159,0.7098958019599735,-0.06130410332910357,0.16049811796561478,24.9620624015894,3.549741920084477,27.79,0.5077555505249516
planck18,,2.3,15,27.79,460,0.2,10,20.48,,0.14334236481700713,-0.042832260546380965,0.0,-0.10783183201398375,0.010426807403968513,2.0855671530776796,0.035421865608329654,0.04395496811866001,0.0,1.4400962252980598,0.6549730457061435,0.71,GAUSSIAN,"(581627954, 101)",0.235484021770772,-0.0707490438945359,-0.8647985735912156,-0.08042845770548882,-0.08963451495176955,26.001935184788515,2.71328788339014,27.79,2.1084508913132267
planck18,,2.3,15,27.79,460,0.2,10,20.48,,-0.0318858772124126,0.05329131203375471,0.0,-0.13038258055582397,-0.06381469803374391,1.9996195864046569,-0.03093413662339291,-0.03313827734476892,0.0,1.1659523208789895,0.5512622120646354,0.71,GAUSSIAN,"(581627954, 102)",0.5100290782577952,-0.09196536477993013,-0.12951828199282053,-0.3911515222373978,-0.20011110180332944,25.684719007880975,3.590387427502455,27.79,2.610889586283439
planck18,,2.3,15,27.79,460,0.2,10,20.48,,0.11227812512470203,-0.15004907673448833,0.0,-0.0836759041053445,0.03991767640095381,2.0725405267514407,0.05455246204818562,0.07712414899289154,0.0,1.1864584839775605,0.7372904911459445,0.71,GAUSSIAN,"(581627954, 103)",0.18750099122992617,0.325887591731593,0.20307400230305628,-0.13404916795949515,0.07843256034126207,26.82944905303229,2.983161927171899,27.79,1.0910041517191984
planck18,,2.3,15,27.79,460,0.2,10,20.48,,0.12154312791843654,0.022368033562512553,0.0,0.012860283630285047,-0.09543026655120442,2.0731833418356858,0.056874312911555785,-0.026232535425770993,0.0,1.8350707262713628,0.41952202547535317,0.71,GAUSSIAN,"(581627954, 104)",0.3656251537523654,0.2905760148146604,0.5345105806422347,0.05563805439233745,0.4086469948162191,25.73661214171896,3.255992207508365,27.79,2.6333546773450682
planck18,,2.3,15,27.79,460,0.2,10,20.48,,-0.28169656196192383,-0.10019699558305101,0.0,-0.17850561023700282,0.025268334440074283,2.1356578595469164,0.05188526158863408,0.0657704181929709,0.0,1.6578318570717463,0.7831455340151352,0.71,GAUSSIAN,"(581627954, 105)",0.24279283910598748,-0.22237655932282904,-0.1437248790199943,0.1958894946042738,0.22369495109868048,24.214318909187305,3.5301867365716157,27.79,2.4423626558243523
planck18,,2.3,15,27.79,460,0.2,10,20.48,,0.17537652883342542,-0.11510664459836316,0.0,-0.018701228372506255,-0.011952056571874894,2.0282366768370648,-0.01370185656387491,0.013618820232394482,0.0,1.2909902865743184,0.6096857740120032,0.71,GAUSSIAN,"(581627954, 106)",0.3061556249525021,0.7051754259134634,0.5549595060130379,0.1581793753484485,0.3853669140081959,28.534439230635943,3.3946270796900215,27.79,2.685745310738547
planck18,,2.3,15,27.79,460,0.2,10,20.48,,0.1421107938594386,0.09898866603795585,0.0,-0.07823144039391405,-0.06774071705891918,1.883315865031603,-0.05016365659447156,0.05622586743480347,0.0,1.4785453116654792,0.4560316662419871,0.71,GAUSSIAN,"(581627954, 108)",0.06044632035576364,-0.5055812734607608,0.16055178043772805,0.056448246328185195,-0.3561545523307549,26.09214905274002,3.2463603306150044,27.79,2.755260047107651
planck18,,2.3,15,27.79,460,0.2,10,20.48,,0.21441632409814038,0.2490956705506575,0.0,0.042729562776078284,0.016057451621155235,2.008001693317493,0.020428645237488496,0.028848468242956823,0.0,1.7733848909663799,0.6086410320977734,0.71,GAUSSIAN,"(581627954, 109)",0.39809763877676313,-0.004134472569093604,0.35389671795905314,-0.11113659516697488,0.17487332590877422,24.321451908000824,3.4313461232062217,27.79,1.8603612916987844
planck18,,2.3,15,27.79,460,0.2,10,20.48,,0.24608487778163618,0.1833857913217079,0.0,-0.0390752682048737,0.014540206630096274,1.8303261277934215,0.0044823823616558026,0.05385709594136128,0.0,1.505615388320534,0.07005253970584202,0.71,GAUSSIAN,"(581627954, 110)",0.5017554596006409,0.42489401502961255,0.21691618588550185,-0.09420970261868665,-0.026283809478899415,26.037905788882032,2.9292252322100127,27.79,1.6535803304810934
planck18,,2.3,15,27.79,460,0.2,10,20.48,,0.10336816371244378,0.23401921513568233,0.0,-0.1684143052472517,-0.04061417937532928,1.9728491480895096,-0.05219197038090463,-0.0018385327560314652,0.0,1.7398838563580545,0.783979382275049,0.71,GAUSSIAN,"(581627954, 111)",0.4378975451029998,0.03651232796596364,-0.19164121111134405,0.3029241587498318,-0.1245214590515842,24.60189547439798,2.8146488394672335,27.79,1.0208698171347546
planck18,,2.3,15,27.79,460,0.2,10,20.48,,0.1238206769527567,-0.008579739585306076,0.0,-0.0705661344923773,0.07738307459099257,1.9151964355302078,0.015399034946300988,0.03280447628636475,0.0,0.965281743838905,0.40099003029731933,0.71,GAUSSIAN,"(581627954, 112)",0.07344348647989968,0.41064014807571986,0.29082128662349116,0.35978783563278094,0.07925452629684625,25.80810578817839,4.605226577917527,27.79,2.95065987436392
planck18,,2.3,15,27.79,460,0.2,10,20.48,,-0.19066768910994747,0.15370798776939132,0.0,-0.09588835939977217,0.06344960650832011,2.0876301481882336,0.10393049578185068,-0.05680140164742466,0.0,1.9078083199261697,0.4144659504781207,0.71,GAUSSIAN,"(581627954, 113)",0.29611261069969286,0.6561357097202632,0.2954814025234742,0.10331238617290942,-0.348830051696904,25.377993170250186,2.1830974322263037,27.79,2.17546196961653
planck18,,2.3,15,27.79,460,0.2,10,20.48,,0.056723026885306525,-0.07415245536760721,0.0,-0.0915492504838261,0.09656536783833039,1.9195210580718363,0.035505792351716796,-0.0775263911392167,0.0,1.7097308381046736,0.5654509316756837,0.71,GAUSSIAN,"(581627954, 114)",0.44950130707914115,-0.4068028942266428,-0.4434184107169489,0.03762808042228475,0.021697406531290257,27.199905998169836,2.503310618736018,27.79,2.683691815495974
planck18,,2.3,15,27.79,460,0.2,10,20.48,,-0.049291801275153424,0.05263276249512892,0.0,0.14717385685777765,0.02776262557534286,1.981530524447434,0.07870071143734801,0.018857775559543166,0.0,0.9921355653223443,0.2489239490618255,0.71,GAUSSIAN,"(581627954, 115)",0.2841614250011823,0.3283539106185778,-0.09363227260356842,-0.17367875843478045,-0.10966360572405862,25.39677469747668,2.0771245972224004,27.79,1.094624775485366
planck18,,2.3,15,27.79,460,0.2,10,20.48,,-0.010839060047255834,0.13853920238105066,0.0,0.02141014806239952,-0.10635614716058815,2.033547631076352,0.06247548252180779,0.03998659051932743,0.0,1.634756453819871,0.15775261012656466,0.71,GAUSSIAN,"(581627954, 116)",0.0934794711902617,-0.2650735681790415,0.2631405020905168,0.07051465552765925,0.1208278856023192,25.598542543219065,2.5722190881447693,27.79,2.803730077787538
planck18,,2.3,15,27.79,460,0.2,10,20.48,,0.14212702322948673,0.1767171528577836,0.0,0.05478621311913134,0.05434412211056712,2.119356875899318,0.0723047017494078,-0.08806732496534832,0.0,1.0321355623994037,0.4565623693542481,0.71,GAUSSIAN,"(581627954, 117)",0.3186335203816051,0.6256295833197989,-0.05222708087828948,-0.034644445854891986,0.10279863972475146,27.31848072008429,2.627865192985525,27.79,3.5534182083473245
planck18,,2.3,15,27.79,460,0.2,10,20.48,,0.15600737023260297,-0.02500557025912178,0.0,-0.041417740880563825,-0.028269025510360882,1.8502126740012657,-0.05920575280213878,-0.017594478181659882,0.0,0.8207003535030005,0.6131640000485659,0.71,GAUSSIAN,"(581627954, 118)",0.49023435318513864,-0.08792163715491072,-0.21369814699958734,0.051259808252269765,0.17124643651128252,26.132066457530684,2.613650785928411,27.79,2.0498058775217873
planck18,,2.3,15,27.79,460,0.2,10,20.48,,-0.27556524949161476,-0.01688781948990524,0.0,0.019810854751899438,0.0948382081821363,1.8711704520968306,-0.0687769707033166,-0.03362557829743185,0.0,1.8047793444486866,0.16258825397713417,0.71,GAUSSIAN,"(581627954, 119)",0.28024548333420185,-0.3650184795827827,0.5077987997773316,-0.2105098938641611,-0.09033864625863161,25.941166002477473,2.682757856670326,27.79,2.1717535648844204
planck18,,2.3,15,27.79,460,0.2,10,20.48,,0.21631985540895232,0.06754896259553435,0.0,-0.07656862792706468,0.043475005484562214,2.0688052819501954,-0.08178427002753245,0.10693787752436726,0.0,1.956925579321341,0.8678146217389974,0.71,GAUSSIAN,"(581627954, 120)",0.04022137427428982,-0.40701343735715917,-0.2476201058603524,-0.082359617596579,-0.17641899325744426,24.546557883871806,2.571645301158343,27.79,2.594273909234386
planck18,,2.3,15,27.79,460,0.2,10,20.48,,0.025057523118695597,-0.10575787813739307,0.0,-0.1200080966287473,-0.13585798626803636,2.0697276363007027,0.032325345753137266,-0.032675776801368954,0.0,2.158066592079591,0.4451466635175098,0.71,GAUSSIAN,"(581627954, 121)",0.13291894390457107,0.4410700579174893,-0.8349819329056559,0.1309575318049826,-0.23497990224695808,25.936785154007076,3.117203456868194,27.79,0.4723071364590439
planck18,,2.3,15,27.79,460,0.2,10,20.48,,0.021078920984314433,0.17042981492610892,0.0,-0.00976039041721446,-0.09485074638415186,1.8783376629774167,0.1257680433713108,-0.057614159505650776,0.0,2.6357826726977596,1.0987002567671165,0.71,GAUSSIAN,"(581627954, 122)",0.44767363033870133,-0.7955679776881504,-0.779355610342483,-0.11236502770504281,0.0107663424156013,24.995321803045954,3.618083775806867,27.79,0.9205758643282809
planck18,,2.3,15,27.79,460,0.2,10,20.48,,-0.0036239042365859204,0.055098800287962525,0.0,0.010155020704355767,0.20928462287313626,2.0999274648349773,0.03558580857457105,-0.0010287640165773145,0.0,1.0298650165992491,0.7985303782354937,0.71,GAUSSIAN,"(581627954, 123)",0.14904029295430996,0.24323620778129867,-0.37041877248479016,-0.06183115622339735,-0.06331207807607778,26.044804557405445,3.240927389165573,27.79,2.3865513703520485
planck18,,2.3,15,27.79,460,0.2,10,20.48,,0.0010926175351062576,0.022187907613557985,0.0,0.18596349835460851,-0.18802432099268285,1.9102825931117626,-0.04326818473406758,-0.016003957548634908,0.0,1.9918351052999461,0.5450625064094345,0.71,GAUSSIAN,"(581627954, 124)",0.38187069519714884,-0.8461413344003887,-0.21263610111949224,0.0032825656575567047,-0.16384928180240607,27.740510597684732,2.914138697114192,27.79,2.9863619449789653
planck18,,2.3,15,27.79,460,0.2,10,20.48,,-0.09200937414811561,-0.11806768446664649,0.0,0.14681723845580108,0.03965771866558046,1.9866392227306062,0.020763444803615735,-0.0909591262544166,0.0,1.6571632000249938,0.7842519732710267,0.71,GAUSSIAN,"(581627954, 125)",0.3854383194267813,-0.12824673898128247,-0.05644189681511666,-0.2140398606695429,-0.04255066615234162,26.773761781460323,2.41584507832356,27.79,2.4296555813139395
planck18,,2.3,15,27.79,460,0.2,10,20.48,,-0.21520897019349783,0.028858851491923878,0.0,0.022760877790893405,0.013349848217559343,2.012376524169097,-0.031206561790920986,0.08101398253607661,0.0,1.9159897562868886,0.2000602908105728,0.71,GAUSSIAN,"(581627954, 127)",0.32992913710450805,-0.5801122682603826,-0.4784421785759576,-0.30258911589564835,0.09077585778025436,26.919541322502845,2.805625737362542,27.79,1.4734265042942232
planck18,,2.3,15,27.79,460,0.2,10,20.48,,-0.1778941929102867,-0.16203414265257204,0.0,0.11639958095089456,0.24767451855256076,2.0140167631139776,0.006374342735037678,0.029455134655332144,0.0,0.5821629708982601,0.8745756897379657,0.71,GAUSSIAN,"(581627954, 129)",0.4442013681248533,-0.2697749049559728,-0.15765135532393512,0.09295670415041515,0.20067617479534758,26.31204168554899,3.4803911891270065,27.79,3.750202019559467
